"CODIGO_POCO","NOME_POCO","NOME_RECURSO","QUANTIDADE_RECURSO"
"P00000240","9-PPT-26D-RJS","DRILLING JAR 8"" OU 8 1/4""","1.5"
"P00000240","9-PPT-26D-RJS","MOTOR ALTO TORQUE 9 5/8"" - AT GD","0.8"
"P00000240","9-PPT-26D-RJS","MWD 8"" - AT GD","1.5"
"P00000240","9-PPT-26D-RJS","PWD 8"" - AT GD","1.5"
"P00000240","9-PPT-26D-RJS","RESISTIVIDADE E GAMMA RAY 8"" - AT GD","1.5"
"P00000382","1-BAS-151.","TURBINA 6 3/4""","0.8"
"P00000382","1-BAS-151.","TURBINA 9 1/2""","1"
"P00000384","CHICO MINEIRO","TURBINA 6 3/4""","0.8"
"P00000384","CHICO MINEIRO","TURBINA 9 1/2""","1"
"P00001203","VALE VERDE","TURBINA 6 3/4""","0.8"
"P00001203","VALE VERDE","TURBINA 9 1/2""","1"
"P00001204","GUARANI","TURBINA 4 3/4""","1"
"P00001204","GUARANI","TURBINA 6 3/4""","0.8"
"P00001204","GUARANI","TURBINA 9 1/2""","1"
"P00001470","IGUANA RF MLS","DENSIDADE E NEUTRONS 6 3/4"" - AT PD","1"
"P00001470","IGUANA RF MLS","DENSIDADE E NEUTRONS 8"" - AT GD","0.8"
"P00001470","IGUANA RF MLS","DRILLING JAR 6 1/2"" OU 6 3/4""","1"
"P00001470","IGUANA RF MLS","DRILLING JAR 8"" OU 8 1/4""","1.5"
"P00001470","IGUANA RF MLS","ESTABILIZADOR 26""","1.5"
"P00001470","IGUANA RF MLS","HOLE OPENER 36""","0.5"
"P00001470","IGUANA RF MLS","MOTOR ALTO TORQUE 9 5/8"" - AT GD","0.8"
"P00001470","IGUANA RF MLS","MOTOR EXTRA TORQUE 6 3/4"" - AT PD","0.4"
"P00001470","IGUANA RF MLS","MOTOR EXTRA TORQUE 9 5/8"" - AT GD","0.6"
"P00001470","IGUANA RF MLS","MWD 6 3/4"" - AT PD","1.2"
"P00001470","IGUANA RF MLS","MWD 8"" - AT GD","1.5"
"P00001470","IGUANA RF MLS","PWD 6 3/4"" - AT PD","1.2"
"P00001470","IGUANA RF MLS","PWD 8"" - AT GD","1.5"
"P00001470","IGUANA RF MLS","RESISTIVIDADE E GAMMA RAY 6 3/4"" - AT PD","1.2"
"P00001470","IGUANA RF MLS","RESISTIVIDADE E GAMMA RAY 8"" - AT GD","1.5"
"P00001470","IGUANA RF MLS","ROTARY STEERABLE 6 3/4"" - AT PD","1"
"P00001470","IGUANA RF MLS","ROTARY STEERABLE 9 1/2"" - AT GD","1"
"P00001470","IGUANA RF MLS","SÔNICO 6 3/4"" - AT PD","0.8"
"P00001470","IGUANA RF MLS","SÔNICO 8"" - AT GD","1"
"P00001470","IGUANA RF MLS","TESTE DE PRESSÃO 6 3/4"" - AT PD","1"
"P00001471","MA.AREAMA-17.","DENSIDADE E NEUTRONS 8"" - AT GD","0.8"
"P00001471","MA.AREAMA-17.","DRILLING JAR 8"" OU 8 1/4""","1.5"
"P00001471","MA.AREAMA-17.","ESTABILIZADOR 26""","1.5"
"P00001471","MA.AREAMA-17.","HOLE OPENER 36""","0.5"
"P00001471","MA.AREAMA-17.","MOTOR ALTO TORQUE 9 5/8"" - AT GD","0.8"
"P00001471","MA.AREAMA-17.","MWD 8"" - AT GD","1.5"
"P00001471","MA.AREAMA-17.","PWD 8"" - AT GD","1.5"
"P00001471","MA.AREAMA-17.","RESISTIVIDADE E GAMMA RAY 8"" - AT GD","1.5"
"P00001471","MA.AREAMA-17.","ROTARY STEERABLE 9 1/2"" - AT GD","1"
"P00001471","MA.AREAMA-17.","TESTE DE PRESSÃO 8"" - AT GD","1"
"P00001479","1-MAS-37 - GUAJURU","DRILLING JAR 8"" OU 8 1/4""","1.5"
"P00001479","1-MAS-37 - GUAJURU","ESTABILIZADOR 28""","1.5"
"P00001479","1-MAS-37 - GUAJURU","HOLE OPENER 42""","0.5"
"P00001479","1-MAS-37 - GUAJURU","MOTOR ALTO TORQUE 9 5/8"" - AT GD","0.8"
"P00001479","1-MAS-37 - GUAJURU","MWD 8"" - AT GD","1.5"
"P00001479","1-MAS-37 - GUAJURU","PWD 8"" - AT GD","1.5"
"P00001479","1-MAS-37 - GUAJURU","RESISTIVIDADE E GAMMA RAY 8"" - AT GD","1.5"
"P00001479","1-MAS-37 - GUAJURU","TURBINA 6 3/4""","0.8"
"P00001479","1-MAS-37 - GUAJURU","TURBINA 9 1/2""","1"
"P00001587","PIL-LLNE.P3.","TURBINA 9 1/2""","1"
"P00001618","LL-CENTRAL.LC-I3.","TURBINA 9 1/2""","1"
"P00001627","LL-ALTO.P4-TA","TURBINA 9 1/2""","1"
"P00001634","LL-ALTO.P6-TA","TURBINA 9 1/2""","1"
"P00001637","LL-ALTO.P10-TA","TURBINA 9 1/2""","1"
"P00001692","SBBG.P4.","DENSIDADE E NEUTRONS 6 3/4"" - AT PD","1"
"P00001692","SBBG.P4.","DRILLING JAR 6 1/2"" OU 6 3/4""","1"
"P00001692","SBBG.P4.","DRILLING JAR 8"" OU 8 1/4""","3"
"P00001692","SBBG.P4.","ESTABILIZADOR 26""","1.5"
"P00001692","SBBG.P4.","HOLE OPENER 42""","0.5"
"P00001692","SBBG.P4.","MOTOR ALTO TORQUE 9 5/8"" - AT GD","0.8"
"P00001692","SBBG.P4.","MOTOR EXTRA TORQUE 6 3/4"" - AT PD","0.4"
"P00001692","SBBG.P4.","MOTOR EXTRA TORQUE 9 5/8"" - AT GD","0.6"
"P00001692","SBBG.P4.","MWD 6 3/4"" - AT PD","1.2"
"P00001692","SBBG.P4.","MWD 8"" - AT GD","3"
"P00001692","SBBG.P4.","PWD 6 3/4"" - AT PD","1.2"
"P00001692","SBBG.P4.","PWD 8"" - AT GD","3"
"P00001692","SBBG.P4.","RESISTIVIDADE E GAMMA RAY 6 3/4"" - AT PD","1.2"
"P00001692","SBBG.P4.","RESISTIVIDADE E GAMMA RAY 8"" - AT GD","3"
"P00001692","SBBG.P4.","RESSONÂNCIA MAGNÉTICA 6 3/4"" - AT PD","0.7"
"P00001692","SBBG.P4.","ROTARY STEERABLE 9 1/2"" - AT GD","1"
"P00001692","SBBG.P4.","SÔNICO 6 3/4"" - AT PD","0.8"
"P00001692","SBBG.P4.","SÔNICO 8"" - AT GD","1"
"P00001692","SBBG.P4.","TURBINA 6 3/4""","0.8"
"P00001699","BBG.I2.","DENSIDADE E NEUTRONS 6 3/4"" - AT PD","1"
"P00001699","BBG.I2.","DRILLING JAR 6 1/2"" OU 6 3/4""","1"
"P00001699","BBG.I2.","DRILLING JAR 8"" OU 8 1/4""","1.5"
"P00001699","BBG.I2.","MOTOR ALTO TORQUE 9 5/8"" - AT GD","0.8"
"P00001699","BBG.I2.","MOTOR EXTRA TORQUE 6 3/4"" - AT PD","0.4"
"P00001699","BBG.I2.","MOTOR EXTRA TORQUE 9 5/8"" - AT GD","0.6"
"P00001699","BBG.I2.","MWD 6 3/4"" - AT PD","1.2"
"P00001699","BBG.I2.","MWD 8"" - AT GD","1.5"
"P00001699","BBG.I2.","PWD 6 3/4"" - AT PD","1.2"
"P00001699","BBG.I2.","PWD 8"" - AT GD","1.5"
"P00001699","BBG.I2.","RESISTIVIDADE E GAMMA RAY 6 3/4"" - AT PD","1.2"
"P00001699","BBG.I2.","RESISTIVIDADE E GAMMA RAY 8"" - AT GD","1.5"
"P00001699","BBG.I2.","RESSONÂNCIA MAGNÉTICA 6 3/4"" - AT PD","0.7"
"P00001699","BBG.I2.","ROTARY STEERABLE 9 1/2"" - AT GD","1"
"P00001699","BBG.I2.","SÔNICO 6 3/4"" - AT PD","0.8"
"P00001699","BBG.I2.","SÔNICO 8"" - AT GD","1"
"P00001699","BBG.I2.","TURBINA 6 3/4""","0.8"
"P00001704","SBBG.I5.","TURBINA 6 3/4""","0.8"
"P00001705","BBG.P2.","TURBINA 6 3/4""","0.8"
"P00002230","PIL-LLNE.P7.","TURBINA 9 1/2""","1"
"P00002392","EVORA","TURBINA 9 1/2""","1"
"P00002432","BUZ-1.IG1.","TURBINA 6 3/4""","0.8"
"P00002433","BUZ-1.P6.","TURBINA 6 3/4""","0.8"
"P00002439","8-SEP-2-RJS","TURBINA 9 1/2""","1"
"P00002441","BUZ-1.P2.","TURBINA 6 3/4""","0.8"
"P00002442","BUZ-1.P4.","TURBINA 6 3/4""","0.8"
"P00002463","SEP.I3.","TURBINA 6 3/4""","0.8"
"P00002484","BUZ-1.I7.","TURBINA 6 3/4""","0.8"
"P00002671","ALEM-TEJO","TURBINA 9 1/2""","1"
"P00002696","BUZ-4.P6.","DRILLING JAR 8"" OU 8 1/4""","1.5"
"P00002696","BUZ-4.P6.","ESTABILIZADOR 26""","1.5"
"P00002696","BUZ-4.P6.","HOLE OPENER 42""","0.5"
"P00002696","BUZ-4.P6.","MOTOR ALTO TORQUE 9 5/8"" - AT GD","0.8"
"P00002696","BUZ-4.P6.","MWD 8"" - AT GD","1.5"
"P00002696","BUZ-4.P6.","PWD 8"" - AT GD","1.5"
"P00002696","BUZ-4.P6.","RESISTIVIDADE E GAMMA RAY 8"" - AT GD","1.5"
"P00002696","BUZ-4.P6.","TURBINA 9 1/2""","1"
"P00002700","BUZ-4.P4.","TURBINA 9 1/2""","1"
"P00002709","BUZ-4.I7.","TURBINA 6 3/4""","0.8"
"P00002715","BUZ-2.P1.","TURBINA 6 3/4""","0.8"
"P00002716","BUZ-2.P3.","TURBINA 6 3/4""","0.8"
"P00003009","LL-N.LN-P4.","DENSIDADE E NEUTRONS 8"" - AT GD","0.8"
"P00003009","LL-N.LN-P4.","DRILLING JAR 8"" OU 8 1/4""","1.5"
"P00003009","LL-N.LN-P4.","ESTABILIZADOR 26""","1.5"
"P00003009","LL-N.LN-P4.","HOLE OPENER 36""","0.5"
"P00003009","LL-N.LN-P4.","MOTOR ALTO TORQUE 9 5/8"" - AT GD","0.8"
"P00003009","LL-N.LN-P4.","MOTOR EXTRA TORQUE 9 5/8"" - AT GD","0.6"
"P00003009","LL-N.LN-P4.","MWD 8"" - AT GD","1.5"
"P00003009","LL-N.LN-P4.","PWD 8"" - AT GD","1.5"
"P00003009","LL-N.LN-P4.","RESISTIVIDADE E GAMMA RAY 8"" - AT GD","1.5"
"P00003009","LL-N.LN-P4.","RESSONÂNCIA MAGNÉTICA 8"" - AT GD","0.7"
"P00003009","LL-N.LN-P4.","ROTARY STEERABLE 9 1/2"" - AT GD","1"
"P00003009","LL-N.LN-P4.","SÔNICO 8"" - AT GD","1"
"P00003009","LL-N.LN-P4.","TURBINA 9 1/2""","1"
"P00003011","LL-N.LN-I2.","DENSIDADE E NEUTRONS 8"" - AT GD","0.8"
"P00003011","LL-N.LN-I2.","DRILLING JAR 8"" OU 8 1/4""","1.5"
"P00003011","LL-N.LN-I2.","ESTABILIZADOR 26""","1.5"
"P00003011","LL-N.LN-I2.","MOTOR ALTO TORQUE 9 5/8"" - AT GD","0.8"
"P00003011","LL-N.LN-I2.","MOTOR EXTRA TORQUE 9 5/8"" - AT GD","0.6"
"P00003011","LL-N.LN-I2.","MWD 8"" - AT GD","1.5"
"P00003011","LL-N.LN-I2.","PWD 8"" - AT GD","1.5"
"P00003011","LL-N.LN-I2.","RESISTIVIDADE E GAMMA RAY 8"" - AT GD","1.5"
"P00003011","LL-N.LN-I2.","RESSONÂNCIA MAGNÉTICA 8"" - AT GD","0.7"
"P00003011","LL-N.LN-I2.","ROTARY STEERABLE 9 1/2"" - AT GD","1"
"P00003011","LL-N.LN-I2.","SÔNICO 8"" - AT GD","1"
"P00003011","LL-N.LN-I2.","TURBINA 9 1/2""","1"
"P00003040","BUZ-4.I1.","TURBINA 9 1/2""","1"
"P00003054","SEP.I2.","TURBINA 6 3/4""","0.8"
"P00003095","LL-S.P-LS-7.","TURBINA 6 3/4""","0.8"
"P00003101","LL-S.P-LS-2.","TURBINA 6 3/4""","1.6"
"P00003102","LL-S.I-LS-4.","TURBINA 6 3/4""","0.8"
"P00003287","MAPINGUARI - PAD","TURBINA 6 3/4""","0.8"
"P00003287","MAPINGUARI - PAD","TURBINA 9 1/2""","1"
"P00003294","PIRARUCU","TURBINA 4 3/4""","1"
"P00003294","PIRARUCU","TURBINA 6 3/4""","0.8"
"P00003294","PIRARUCU","TURBINA 9 1/2""","1"
"P00003394","RONDINGO","DENSIDADE E NEUTRONS 6 3/4"" - AT PD","1"
"P00003394","RONDINGO","DENSIDADE E NEUTRONS 8"" - AT GD","0.8"
"P00003394","RONDINGO","DRILLING JAR 6 1/2"" OU 6 3/4""","1"
"P00003394","RONDINGO","DRILLING JAR 8"" OU 8 1/4""","1.5"
"P00003394","RONDINGO","MOTOR EXTRA TORQUE 6 3/4"" - AT PD","0.4"
"P00003394","RONDINGO","MOTOR EXTRA TORQUE 9 5/8"" - AT GD","0.6"
"P00003394","RONDINGO","MWD 6 3/4"" - AT PD","1.2"
"P00003394","RONDINGO","MWD 8"" - AT GD","1.5"
"P00003394","RONDINGO","PWD 6 3/4"" - AT PD","1.2"
"P00003394","RONDINGO","PWD 8"" - AT GD","1.5"
"P00003394","RONDINGO","RESISTIVIDADE E GAMMA RAY 6 3/4"" - AT PD","1.2"
"P00003394","RONDINGO","RESISTIVIDADE E GAMMA RAY 8"" - AT GD","1.5"
"P00003394","RONDINGO","ROTARY STEERABLE 6 3/4"" - AT PD","1"
"P00003394","RONDINGO","ROTARY STEERABLE 9 1/2"" - AT GD","1"
"P00003394","RONDINGO","SÔNICO 6 3/4"" - AT PD","0.8"
"P00003394","RONDINGO","SÔNICO 8"" - AT GD","1"
"P00003394","RONDINGO","TESTE DE PRESSÃO 6 3/4"" - AT PD","1"
"P00003421","OBA","TURBINA 6 3/4""","0.8"
"P00003421","OBA","TURBINA 9 1/2""","1"
"P00003510","UMBU","TURBINA 6 3/4""","0.8"
"P00003510","UMBU","TURBINA 9 1/2""","1"
"P00003633","S-TUP.P-LES-3.","DENSIDADE E NEUTRONS 6 3/4"" - AT PD","1"
"P00003633","S-TUP.P-LES-3.","DENSIDADE E NEUTRONS 8"" - AT GD","0.8"
"P00003633","S-TUP.P-LES-3.","DRILLING JAR 6 1/2"" OU 6 3/4""","1"
"P00003633","S-TUP.P-LES-3.","DRILLING JAR 8"" OU 8 1/4""","1.5"
"P00003633","S-TUP.P-LES-3.","ESTABILIZADOR 26""","1.5"
"P00003633","S-TUP.P-LES-3.","HOLE OPENER 36""","0.5"
"P00003633","S-TUP.P-LES-3.","MOTOR ALTO TORQUE 9 5/8"" - AT GD","0.8"
"P00003633","S-TUP.P-LES-3.","MOTOR EXTRA TORQUE 6 3/4"" - AT PD","0.4"
"P00003633","S-TUP.P-LES-3.","MOTOR EXTRA TORQUE 9 5/8"" - AT GD","0.6"
"P00003633","S-TUP.P-LES-3.","MWD 6 3/4"" - AT PD","1.2"
"P00003633","S-TUP.P-LES-3.","MWD 8"" - AT GD","1.5"
"P00003633","S-TUP.P-LES-3.","PWD 6 3/4"" - AT PD","1.2"
"P00003633","S-TUP.P-LES-3.","PWD 8"" - AT GD","1.5"
"P00003633","S-TUP.P-LES-3.","RESISTIVIDADE E GAMMA RAY 6 3/4"" - AT PD","1.2"
"P00003633","S-TUP.P-LES-3.","RESISTIVIDADE E GAMMA RAY 8"" - AT GD","1.5"
"P00003633","S-TUP.P-LES-3.","RESSONÂNCIA MAGNÉTICA 6 3/4"" - AT PD","0.7"
"P00003633","S-TUP.P-LES-3.","RESSONÂNCIA MAGNÉTICA 8"" - AT GD","0.7"
"P00003633","S-TUP.P-LES-3.","ROTARY STEERABLE 9 1/2"" - AT GD","1"
"P00003633","S-TUP.P-LES-3.","SÔNICO 6 3/4"" - AT PD","0.8"
"P00003633","S-TUP.P-LES-3.","SÔNICO 8"" - AT GD","1"
"P00003633","S-TUP.P-LES-3.","TURBINA 6 3/4""","0.8"
"P00003633","S-TUP.P-LES-3.","TURBINA 9 1/2""","1"
"P00003676","BUZ-5.IG1.","TURBINA 9 1/2""","1"
"P00003677","BUZ-5.I1.","TURBINA 6 3/4""","0.8"
"P00003679","BUZ-5.P3.","TURBINA 9 1/2""","1"
"P00003691","MLS INJR3.","DENSIDADE E NEUTRONS 8"" - AT GD","0.8"
"P00003691","MLS INJR3.","DRILLING JAR 8"" OU 8 1/4""","1.5"
"P00003691","MLS INJR3.","ESTABILIZADOR 28""","1.5"
"P00003691","MLS INJR3.","HOLE OPENER 42""","0.5"
"P00003691","MLS INJR3.","MOTOR ALTO TORQUE 9 5/8"" - AT GD","0.8"
"P00003691","MLS INJR3.","MOTOR EXTRA TORQUE 9 5/8"" - AT GD","0.6"
"P00003691","MLS INJR3.","MWD 8"" - AT GD","1.5"
"P00003691","MLS INJR3.","PWD 8"" - AT GD","1.5"
"P00003691","MLS INJR3.","RESISTIVIDADE E GAMMA RAY 8"" - AT GD","1.5"
"P00003691","MLS INJR3.","ROTARY STEERABLE 9 1/2"" - AT GD","1"
"P00003691","MLS INJR3.","SÔNICO 8"" - AT GD","1"
"P00003691","MLS INJR3.","TESTE DE PRESSÃO 8"" - AT GD","1"
"P00003705","LL-ES.P-LES-5.","TURBINA 6 3/4""","0.8"
"P00003705","LL-ES.P-LES-5.","TURBINA 9 1/2""","1"
"P00003708","S-TUP.I-LES-7.","TURBINA 9 1/2""","1"
"P00003735","TVD-TMT.TVD-P3.","DENSIDADE E NEUTRONS 6 3/4"" - AT PD","1"
"P00003735","TVD-TMT.TVD-P3.","DENSIDADE E NEUTRONS 8"" - AT GD","0.8"
"P00003735","TVD-TMT.TVD-P3.","DRILLING JAR 6 1/2"" OU 6 3/4""","1"
"P00003735","TVD-TMT.TVD-P3.","DRILLING JAR 8"" OU 8 1/4""","1.5"
"P00003735","TVD-TMT.TVD-P3.","MOTOR ALTO TORQUE 9 5/8"" - AT GD","0.8"
"P00003735","TVD-TMT.TVD-P3.","MOTOR EXTRA TORQUE 6 3/4"" - AT PD","0.4"
"P00003735","TVD-TMT.TVD-P3.","MWD 6 3/4"" - AT PD","1.2"
"P00003735","TVD-TMT.TVD-P3.","MWD 8"" - AT GD","1.5"
"P00003735","TVD-TMT.TVD-P3.","PWD 6 3/4"" - AT PD","1.2"
"P00003735","TVD-TMT.TVD-P3.","PWD 8"" - AT GD","1.5"
"P00003735","TVD-TMT.TVD-P3.","RESISTIVIDADE AZIMUTAL 6 3/4"" - AT PD","1"
"P00003735","TVD-TMT.TVD-P3.","RESISTIVIDADE E GAMMA RAY 6 3/4"" - AT PD","1.2"
"P00003735","TVD-TMT.TVD-P3.","RESISTIVIDADE E GAMMA RAY 8"" - AT GD","1.5"
"P00003735","TVD-TMT.TVD-P3.","RESSONÂNCIA MAGNÉTICA 6 3/4"" - AT PD","0.7"
"P00003735","TVD-TMT.TVD-P3.","ROTARY STEERABLE 6 3/4"" - AT PD","1"
"P00003735","TVD-TMT.TVD-P3.","ROTARY STEERABLE 9 1/2"" - AT GD","1"
"P00003735","TVD-TMT.TVD-P3.","TESTE DE PRESSÃO 6 3/4"" - AT PD","1"
"P00003735","TVD-TMT.TVD-P3.","TESTE DE PRESSÃO 8"" - AT GD","1"
"P00003736","TVD-TMT.TVD-P5.","DRILLING JAR 8"" OU 8 1/4""","1.5"
"P00003736","TVD-TMT.TVD-P5.","HOLE OPENER 42""","0.5"
"P00003736","TVD-TMT.TVD-P5.","MOTOR ALTO TORQUE 9 5/8"" - AT GD","0.8"
"P00003736","TVD-TMT.TVD-P5.","MWD 8"" - AT GD","1.5"
"P00003736","TVD-TMT.TVD-P5.","PWD 8"" - AT GD","1.5"
"P00003736","TVD-TMT.TVD-P5.","RESISTIVIDADE E GAMMA RAY 8"" - AT GD","1.5"
"P00003742","8-MLS-229D-RJS","DENSIDADE E NEUTRONS 6 3/4"" - AT PD","1"
"P00003742","8-MLS-229D-RJS","DENSIDADE E NEUTRONS 8"" - AT GD","0.8"
"P00003742","8-MLS-229D-RJS","DRILLING JAR 6 1/2"" OU 6 3/4""","1"
"P00003742","8-MLS-229D-RJS","DRILLING JAR 8"" OU 8 1/4""","1.5"
"P00003742","8-MLS-229D-RJS","MOTOR EXTRA TORQUE 6 3/4"" - AT PD","0.4"
"P00003742","8-MLS-229D-RJS","MOTOR EXTRA TORQUE 9 5/8"" - AT GD","0.6"
"P00003742","8-MLS-229D-RJS","MWD 6 3/4"" - AT PD","1.2"
"P00003742","8-MLS-229D-RJS","MWD 8"" - AT GD","1.5"
"P00003742","8-MLS-229D-RJS","PWD 6 3/4"" - AT PD","1.2"
"P00003742","8-MLS-229D-RJS","PWD 8"" - AT GD","1.5"
"P00003742","8-MLS-229D-RJS","RESISTIVIDADE AZIMUTAL 6 3/4"" - AT PD","1"
"P00003742","8-MLS-229D-RJS","RESISTIVIDADE E GAMMA RAY 6 3/4"" - AT PD","1.2"
"P00003742","8-MLS-229D-RJS","RESISTIVIDADE E GAMMA RAY 8"" - AT GD","1.5"
"P00003742","8-MLS-229D-RJS","ROTARY STEERABLE 6 3/4"" - AT PD","1"
"P00003742","8-MLS-229D-RJS","ROTARY STEERABLE 9 1/2"" - AT GD","1"
"P00003742","8-MLS-229D-RJS","SÔNICO 8"" - AT GD","1"
"P00003742","8-MLS-229D-RJS","TESTE DE PRESSÃO 6 3/4"" - AT PD","1"
"P00003742","8-MLS-229D-RJS","TESTE DE PRESSÃO 8"" - AT GD","1"
"P00003743","BUZ-3.I13.","TURBINA 6 3/4""","0.8"
"P00003809","S-TUP.P-LES-8.","DENSIDADE E NEUTRONS 8"" - AT GD","0.8"
"P00003809","S-TUP.P-LES-8.","DRILLING JAR 8"" OU 8 1/4""","1.5"
"P00003809","S-TUP.P-LES-8.","MOTOR EXTRA TORQUE 9 5/8"" - AT GD","0.6"
"P00003809","S-TUP.P-LES-8.","MWD 8"" - AT GD","1.5"
"P00003809","S-TUP.P-LES-8.","PWD 8"" - AT GD","1.5"
"P00003809","S-TUP.P-LES-8.","RESISTIVIDADE E GAMMA RAY 8"" - AT GD","1.5"
"P00003809","S-TUP.P-LES-8.","RESSONÂNCIA MAGNÉTICA 8"" - AT GD","0.7"
"P00003809","S-TUP.P-LES-8.","ROTARY STEERABLE 9 1/2"" - AT GD","1"
"P00003809","S-TUP.P-LES-8.","SÔNICO 8"" - AT GD","1"
"P00003809","S-TUP.P-LES-8.","TURBINA 9 1/2""","1"
"P00003857","ATP-1.P4.","TURBINA 6 3/4""","0.8"
"P00003857","ATP-1.P4.","TURBINA 9 1/2""","1"
"P00003862","ATP-1.I13.","TURBINA 6 3/4""","0.8"
"P00003898","S-TUP.P-LES-6.","DENSIDADE E NEUTRONS 6 3/4"" - AT PD","1"
"P00003898","S-TUP.P-LES-6.","DRILLING JAR 6 1/2"" OU 6 3/4""","1"
"P00003898","S-TUP.P-LES-6.","DRILLING JAR 8"" OU 8 1/4""","1.5"
"P00003898","S-TUP.P-LES-6.","ESTABILIZADOR 26""","1.5"
"P00003898","S-TUP.P-LES-6.","MOTOR ALTO TORQUE 9 5/8"" - AT GD","0.8"
"P00003898","S-TUP.P-LES-6.","MOTOR EXTRA TORQUE 6 3/4"" - AT PD","0.4"
"P00003898","S-TUP.P-LES-6.","MOTOR EXTRA TORQUE 9 5/8"" - AT GD","0.6"
"P00003898","S-TUP.P-LES-6.","MWD 6 3/4"" - AT PD","1.2"
"P00003898","S-TUP.P-LES-6.","MWD 8"" - AT GD","1.5"
"P00003898","S-TUP.P-LES-6.","PWD 6 3/4"" - AT PD","1.2"
"P00003898","S-TUP.P-LES-6.","PWD 8"" - AT GD","1.5"
"P00003898","S-TUP.P-LES-6.","RESISTIVIDADE E GAMMA RAY 6 3/4"" - AT PD","1.2"
"P00003898","S-TUP.P-LES-6.","RESISTIVIDADE E GAMMA RAY 8"" - AT GD","1.5"
"P00003898","S-TUP.P-LES-6.","RESSONÂNCIA MAGNÉTICA 6 3/4"" - AT PD","0.7"
"P00003898","S-TUP.P-LES-6.","ROTARY STEERABLE 9 1/2"" - AT GD","1"
"P00003898","S-TUP.P-LES-6.","SÔNICO 6 3/4"" - AT PD","0.8"
"P00003898","S-TUP.P-LES-6.","SÔNICO 8"" - AT GD","1"
"P00003898","S-TUP.P-LES-6.","TURBINA 6 3/4""","0.8"
"P00003902","S-TUP.I-LES-9.","TURBINA 9 1/2""","1"
"P00003920","BUZ-2.P5.","TURBINA 6 3/4""","0.8"
"P00004057","BUZ-3.P5.","TURBINA 6 3/4""","0.8"
"P00004173","BUZ-5.I2.","TURBINA 9 1/2""","1"
"P00004229","BUZ-2.I1.","TURBINA 6 3/4""","0.8"
"P00004231","BUZ-2.I2.","TURBINA 6 3/4""","0.8"
"P00004232","BUZ-2.I3.","DENSIDADE E NEUTRONS 6 3/4"" - AT PD","1"
"P00004232","BUZ-2.I3.","DRILLING JAR 6 1/2"" OU 6 3/4""","1"
"P00004232","BUZ-2.I3.","DRILLING JAR 8"" OU 8 1/4""","1.5"
"P00004232","BUZ-2.I3.","ESTABILIZADOR 26""","1.5"
"P00004232","BUZ-2.I3.","HOLE OPENER 42""","0.5"
"P00004232","BUZ-2.I3.","MOTOR ALTO TORQUE 9 5/8"" - AT GD","0.8"
"P00004232","BUZ-2.I3.","MOTOR EXTRA TORQUE 6 3/4"" - AT PD","0.4"
"P00004232","BUZ-2.I3.","MOTOR EXTRA TORQUE 9 5/8"" - AT GD","0.6"
"P00004232","BUZ-2.I3.","MWD 6 3/4"" - AT PD","1.2"
"P00004232","BUZ-2.I3.","MWD 8"" - AT GD","1.5"
"P00004232","BUZ-2.I3.","PWD 6 3/4"" - AT PD","1.2"
"P00004232","BUZ-2.I3.","PWD 8"" - AT GD","1.5"
"P00004232","BUZ-2.I3.","RESISTIVIDADE E GAMMA RAY 6 3/4"" - AT PD","1.2"
"P00004232","BUZ-2.I3.","RESISTIVIDADE E GAMMA RAY 8"" - AT GD","1.5"
"P00004232","BUZ-2.I3.","RESSONÂNCIA MAGNÉTICA 6 3/4"" - AT PD","0.7"
"P00004232","BUZ-2.I3.","ROTARY STEERABLE 9 1/2"" - AT GD","1"
"P00004232","BUZ-2.I3.","SÔNICO 6 3/4"" - AT PD","0.8"
"P00004232","BUZ-2.I3.","SÔNICO 8"" - AT GD","1"
"P00004232","BUZ-2.I3.","TURBINA 6 3/4""","0.8"
"P00004234","8-BUZ-20-RJS","DENSIDADE E NEUTRONS 8"" - AT GD","0.8"
"P00004234","8-BUZ-20-RJS","DRILLING JAR 8"" OU 8 1/4""","1.5"
"P00004234","8-BUZ-20-RJS","MOTOR EXTRA TORQUE 9 5/8"" - AT GD","0.6"
"P00004234","8-BUZ-20-RJS","MWD 8"" - AT GD","1.5"
"P00004234","8-BUZ-20-RJS","PWD 8"" - AT GD","1.5"
"P00004234","8-BUZ-20-RJS","RESISTIVIDADE E GAMMA RAY 8"" - AT GD","1.5"
"P00004234","8-BUZ-20-RJS","RESSONÂNCIA MAGNÉTICA 8"" - AT GD","0.7"
"P00004234","8-BUZ-20-RJS","SÔNICO 8"" - AT GD","1"
"P00004234","8-BUZ-20-RJS","TURBINA 9 1/2""","1"
"P00004239","BUZ-2.P6.","TURBINA 6 3/4""","0.8"
"P00004443","CHAPEU DE PALHA","TURBINA 9 1/2""","1"
"P00004444","SAGATIBA","TURBINA 6 3/4""","0.8"
"P00004444","SAGATIBA","TURBINA 9 1/2""","1"
"P00004606","ATP-1.I5.","TURBINA 6 3/4""","0.8"
"P00004619","SEP.P5.","TURBINA 6 3/4""","0.8"
"P00004620","SEP.P3.","TURBINA 6 3/4""","0.8"
"P00004621","SEP.P7.","TURBINA 6 3/4""","0.8"
"P00004635","BUZ-1.P11","DENSIDADE E NEUTRONS 8"" - AT GD","0.8"
"P00004635","BUZ-1.P11","DRILLING JAR 8"" OU 8 1/4""","1.5"
"P00004635","BUZ-1.P11","ESTABILIZADOR 28""","1.5"
"P00004635","BUZ-1.P11","HOLE OPENER 42""","0.5"
"P00004635","BUZ-1.P11","MOTOR ALTO TORQUE 9 5/8"" - AT GD","0.8"
"P00004635","BUZ-1.P11","MOTOR EXTRA TORQUE 9 5/8"" - AT GD","0.6"
"P00004635","BUZ-1.P11","MWD 8"" - AT GD","1.5"
"P00004635","BUZ-1.P11","PWD 8"" - AT GD","1.5"
"P00004635","BUZ-1.P11","RESISTIVIDADE E GAMMA RAY 8"" - AT GD","1.5"
"P00004635","BUZ-1.P11","RESSONÂNCIA MAGNÉTICA 8"" - AT GD","0.7"
"P00004635","BUZ-1.P11","ROTARY STEERABLE 9 1/2"" - AT GD","1"
"P00004635","BUZ-1.P11","SÔNICO 8"" - AT GD","1"
"P00004635","BUZ-1.P11","TURBINA 9 1/2""","1"
"P00004658","BUZ-2.I4.","TURBINA 6 3/4""","0.8"
"P00004762","SUBST-AB60.","DRILLING JAR 8"" OU 8 1/4""","1.5"
"P00004762","SUBST-AB60.","MOTOR ALTO TORQUE 9 5/8"" - AT GD","0.8"
"P00004762","SUBST-AB60.","MWD 8"" - AT GD","1.5"
"P00004762","SUBST-AB60.","PWD 8"" - AT GD","1.5"
"P00004762","SUBST-AB60.","RESISTIVIDADE E GAMMA RAY 8"" - AT GD","1.5"
"P00004927","RO-ADR1.","DENSIDADE E NEUTRONS 8"" - AT GD","0.8"
"P00004927","RO-ADR1.","DRILLING JAR 8"" OU 8 1/4""","1.5"
"P00004927","RO-ADR1.","ESTABILIZADOR 26""","1.5"
"P00004927","RO-ADR1.","MOTOR ALTO TORQUE 9 5/8"" - AT GD","0.8"
"P00004927","RO-ADR1.","MWD 8"" - AT GD","1.5"
"P00004927","RO-ADR1.","PWD 8"" - AT GD","1.5"
"P00004927","RO-ADR1.","RESISTIVIDADE E GAMMA RAY 8"" - AT GD","1.5"
"P00004927","RO-ADR1.","ROTARY STEERABLE 9 1/2"" - AT GD","1"
"P00004927","RO-ADR1.","TESTE DE PRESSÃO 8"" - AT GD","1"
"P00004948","ATP-1.P6.","TURBINA 6 3/4""","0.8"
"P00004948","ATP-1.P6.","TURBINA 9 1/2""","1"
"P00004978","MA-1D SUBSTITUTO","DENSIDADE E NEUTRONS 8"" - AT GD","0.8"
"P00004978","MA-1D SUBSTITUTO","DRILLING JAR 8"" OU 8 1/4""","1.5"
"P00004978","MA-1D SUBSTITUTO","MOTOR ALTO TORQUE 9 5/8"" - AT GD","0.8"
"P00004978","MA-1D SUBSTITUTO","MWD 8"" - AT GD","1.5"
"P00004978","MA-1D SUBSTITUTO","PWD 8"" - AT GD","1.5"
"P00004978","MA-1D SUBSTITUTO","RESISTIVIDADE E GAMMA RAY 8"" - AT GD","1.5"
"P00004978","MA-1D SUBSTITUTO","ROTARY STEERABLE 9 1/2"" - AT GD","1"
"P00004978","MA-1D SUBSTITUTO","TESTE DE PRESSÃO 8"" - AT GD","1"
"P00005024","BUZ-3.I9.","DENSIDADE E NEUTRONS 8"" - AT GD","0.8"
"P00005024","BUZ-3.I9.","DRILLING JAR 8"" OU 8 1/4""","1.5"
"P00005024","BUZ-3.I9.","ESTABILIZADOR 28""","1.5"
"P00005024","BUZ-3.I9.","HOLE OPENER 42""","0.5"
"P00005024","BUZ-3.I9.","MOTOR ALTO TORQUE 9 5/8"" - AT GD","0.8"
"P00005024","BUZ-3.I9.","MOTOR EXTRA TORQUE 9 5/8"" - AT GD","0.6"
"P00005024","BUZ-3.I9.","MWD 8"" - AT GD","1.5"
"P00005024","BUZ-3.I9.","PWD 8"" - AT GD","1.5"
"P00005024","BUZ-3.I9.","RESISTIVIDADE E GAMMA RAY 8"" - AT GD","1.5"
"P00005024","BUZ-3.I9.","RESSONÂNCIA MAGNÉTICA 8"" - AT GD","0.7"
"P00005024","BUZ-3.I9.","ROTARY STEERABLE 9 1/2"" - AT GD","1"
"P00005024","BUZ-3.I9.","SÔNICO 8"" - AT GD","1"
"P00005024","BUZ-3.I9.","TURBINA 9 1/2""","1"
"P00005025","BUZ-3.I10.","DRILLING JAR 8"" OU 8 1/4""","1.5"
"P00005025","BUZ-3.I10.","ESTABILIZADOR 26""","1.5"
"P00005025","BUZ-3.I10.","HOLE OPENER 42""","0.5"
"P00005025","BUZ-3.I10.","MOTOR ALTO TORQUE 9 5/8"" - AT GD","0.8"
"P00005025","BUZ-3.I10.","MOTOR EXTRA TORQUE 9 5/8"" - AT GD","0.6"
"P00005025","BUZ-3.I10.","MWD 8"" - AT GD","1.5"
"P00005025","BUZ-3.I10.","PWD 8"" - AT GD","1.5"
"P00005025","BUZ-3.I10.","RESISTIVIDADE E GAMMA RAY 8"" - AT GD","1.5"
"P00005025","BUZ-3.I10.","ROTARY STEERABLE 9 1/2"" - AT GD","1"
"P00005025","BUZ-3.I10.","SÔNICO 8"" - AT GD","1"
"P00005031","LL-S.I-LS-9.","DENSIDADE E NEUTRONS 8"" - AT GD","0.8"
"P00005031","LL-S.I-LS-9.","DRILLING JAR 8"" OU 8 1/4""","1.5"
"P00005031","LL-S.I-LS-9.","ESTABILIZADOR 26""","1.5"
"P00005031","LL-S.I-LS-9.","HOLE OPENER 42""","0.5"
"P00005031","LL-S.I-LS-9.","MOTOR ALTO TORQUE 9 5/8"" - AT GD","0.8"
"P00005031","LL-S.I-LS-9.","MOTOR EXTRA TORQUE 9 5/8"" - AT GD","0.6"
"P00005031","LL-S.I-LS-9.","MWD 8"" - AT GD","1.5"
"P00005031","LL-S.I-LS-9.","PWD 8"" - AT GD","1.5"
"P00005031","LL-S.I-LS-9.","RESISTIVIDADE E GAMMA RAY 8"" - AT GD","1.5"
"P00005031","LL-S.I-LS-9.","RESSONÂNCIA MAGNÉTICA 8"" - AT GD","0.7"
"P00005031","LL-S.I-LS-9.","ROTARY STEERABLE 9 1/2"" - AT GD","1"
"P00005031","LL-S.I-LS-9.","SÔNICO 8"" - AT GD","1"
"P00005031","LL-S.I-LS-9.","TURBINA 9 1/2""","1"
"P00005039","SAMANAU","TURBINA 6 3/4""","0.8"
"P00005039","SAMANAU","TURBINA 9 1/2""","1"
"P00005047","LL-CENTRAL.LC-I12.","TURBINA 6 3/4""","0.8"
"P00005215","BUZ-3.I11.","TURBINA 6 3/4""","0.8"
"P00005311","BUZ-3.P14.","TURBINA 6 3/4""","0.8"
"P00005329","ABL.2I11.","DENSIDADE E NEUTRONS 6 3/4"" - AT PD","1"
"P00005329","ABL.2I11.","DENSIDADE E NEUTRONS 8"" - AT GD","0.8"
"P00005329","ABL.2I11.","DRILLING JAR 6 1/2"" OU 6 3/4""","1"
"P00005329","ABL.2I11.","DRILLING JAR 8"" OU 8 1/4""","3"
"P00005329","ABL.2I11.","MOTOR ALTO TORQUE 9 5/8"" - AT GD","0.8"
"P00005329","ABL.2I11.","MOTOR EXTRA TORQUE 6 3/4"" - AT PD","0.4"
"P00005329","ABL.2I11.","MOTOR EXTRA TORQUE 9 5/8"" - AT GD","0.6"
"P00005329","ABL.2I11.","MWD 6 3/4"" - AT PD","1.2"
"P00005329","ABL.2I11.","MWD 8"" - AT GD","3"
"P00005329","ABL.2I11.","PWD 6 3/4"" - AT PD","1.2"
"P00005329","ABL.2I11.","PWD 8"" - AT GD","3"
"P00005329","ABL.2I11.","RESISTIVIDADE AZIMUTAL 6 3/4"" - AT PD","1"
"P00005329","ABL.2I11.","RESISTIVIDADE AZIMUTAL PROFUNDA 6 3/4"" - AT PD","1"
"P00005329","ABL.2I11.","RESISTIVIDADE E GAMMA RAY 6 3/4"" - AT PD","1.2"
"P00005329","ABL.2I11.","RESISTIVIDADE E GAMMA RAY 8"" - AT GD","3"
"P00005329","ABL.2I11.","ROTARY STEERABLE 6 3/4"" - AT PD","1"
"P00005329","ABL.2I11.","ROTARY STEERABLE 9 1/2"" - AT GD","1"
"P00005329","ABL.2I11.","SÔNICO 8"" - AT GD","2"
"P00005329","ABL.2I11.","TESTE DE PRESSÃO 6 3/4"" - AT PD","1"
"P00005329","ABL.2I11.","TESTE DE PRESSÃO 8"" - AT GD","1"
"P00005330","ABL.2P11.","DENSIDADE E NEUTRONS 6 3/4"" - AT PD","1"
"P00005330","ABL.2P11.","DENSIDADE E NEUTRONS 8"" - AT GD","0.8"
"P00005330","ABL.2P11.","DRILLING JAR 6 1/2"" OU 6 3/4""","1"
"P00005330","ABL.2P11.","DRILLING JAR 8"" OU 8 1/4""","3"
"P00005330","ABL.2P11.","MOTOR ALTO TORQUE 9 5/8"" - AT GD","0.8"
"P00005330","ABL.2P11.","MOTOR EXTRA TORQUE 6 3/4"" - AT PD","0.4"
"P00005330","ABL.2P11.","MOTOR EXTRA TORQUE 9 5/8"" - AT GD","0.6"
"P00005330","ABL.2P11.","MWD 6 3/4"" - AT PD","1.2"
"P00005330","ABL.2P11.","MWD 8"" - AT GD","3"
"P00005330","ABL.2P11.","PWD 6 3/4"" - AT PD","1.2"
"P00005330","ABL.2P11.","PWD 8"" - AT GD","3"
"P00005330","ABL.2P11.","RESISTIVIDADE AZIMUTAL 6 3/4"" - AT PD","1"
"P00005330","ABL.2P11.","RESISTIVIDADE AZIMUTAL PROFUNDA 6 3/4"" - AT PD","1"
"P00005330","ABL.2P11.","RESISTIVIDADE E GAMMA RAY 6 3/4"" - AT PD","1.2"
"P00005330","ABL.2P11.","RESISTIVIDADE E GAMMA RAY 8"" - AT GD","3"
"P00005330","ABL.2P11.","ROTARY STEERABLE 6 3/4"" - AT PD","1"
"P00005330","ABL.2P11.","ROTARY STEERABLE 9 1/2"" - AT GD","1"
"P00005330","ABL.2P11.","SÔNICO 8"" - AT GD","2"
"P00005330","ABL.2P11.","TESTE DE PRESSÃO 6 3/4"" - AT PD","1"
"P00005330","ABL.2P11.","TESTE DE PRESSÃO 8"" - AT GD","1"
"P00005374","BUZ-2.I6.","DENSIDADE E NEUTRONS 8"" - AT GD","0.8"
"P00005374","BUZ-2.I6.","DRILLING JAR 8"" OU 8 1/4""","1.5"
"P00005374","BUZ-2.I6.","ESTABILIZADOR 28""","1.5"
"P00005374","BUZ-2.I6.","HOLE OPENER 42""","0.5"
"P00005374","BUZ-2.I6.","MOTOR ALTO TORQUE 9 5/8"" - AT GD","0.8"
"P00005374","BUZ-2.I6.","MOTOR EXTRA TORQUE 9 5/8"" - AT GD","0.6"
"P00005374","BUZ-2.I6.","MWD 8"" - AT GD","1.5"
"P00005374","BUZ-2.I6.","PWD 8"" - AT GD","1.5"
"P00005374","BUZ-2.I6.","RESISTIVIDADE E GAMMA RAY 8"" - AT GD","1.5"
"P00005374","BUZ-2.I6.","RESSONÂNCIA MAGNÉTICA 8"" - AT GD","0.7"
"P00005374","BUZ-2.I6.","ROTARY STEERABLE 9 1/2"" - AT GD","1"
"P00005374","BUZ-2.I6.","SÔNICO 8"" - AT GD","1"
"P00005374","BUZ-2.I6.","TURBINA 9 1/2""","1"
"P00005376","BUZ-2.I8.","TURBINA 9 1/2""","1"
"P00005407","BUZ-2.P7.","DENSIDADE E NEUTRONS 8"" - AT GD","0.8"
"P00005407","BUZ-2.P7.","DRILLING JAR 8"" OU 8 1/4""","1.5"
"P00005407","BUZ-2.P7.","ESTABILIZADOR 26""","1.5"
"P00005407","BUZ-2.P7.","MOTOR ALTO TORQUE 9 5/8"" - AT GD","0.8"
"P00005407","BUZ-2.P7.","MOTOR EXTRA TORQUE 9 5/8"" - AT GD","0.6"
"P00005407","BUZ-2.P7.","MWD 8"" - AT GD","1.5"
"P00005407","BUZ-2.P7.","PWD 8"" - AT GD","1.5"
"P00005407","BUZ-2.P7.","RESISTIVIDADE E GAMMA RAY 8"" - AT GD","1.5"
"P00005407","BUZ-2.P7.","RESSONÂNCIA MAGNÉTICA 8"" - AT GD","0.7"
"P00005407","BUZ-2.P7.","ROTARY STEERABLE 9 1/2"" - AT GD","1"
"P00005407","BUZ-2.P7.","SÔNICO 8"" - AT GD","1"
"P00005407","BUZ-2.P7.","TURBINA 9 1/2""","1"
"P00005508","QUINCAS","TURBINA 9 1/2""","1"
"P00005565","GRAVATA","TURBINA 9 1/2""","1"
"P00005566","OXUMARE","TURBINA 6 3/4""","0.8"
"P00005566","OXUMARE","TURBINA 9 1/2""","1"
"P00005569","MONAI","DRILLING JAR 8"" OU 8 1/4""","1.5"
"P00005569","MONAI","ESTABILIZADOR 28""","1.5"
"P00005569","MONAI","HOLE OPENER 42""","0.5"
"P00005569","MONAI","MOTOR ALTO TORQUE 9 5/8"" - AT GD","0.8"
"P00005569","MONAI","MOTOR EXTRA TORQUE 12"" - AT GD","1"
"P00005569","MONAI","MOTOR EXTRA TORQUE 9 5/8"" - AT GD","0.6"
"P00005569","MONAI","MWD 8"" - AT GD","1.5"
"P00005569","MONAI","PWD 8"" - AT GD","1.5"
"P00005569","MONAI","RESISTIVIDADE E GAMMA RAY 8"" - AT GD","1.5"
"P00005569","MONAI","ROTARY STEERABLE 9 1/2"" - AT GD","1"
"P00005569","MONAI","SÔNICO 8"" - AT GD","1"
"P00005569","MONAI","TURBINA 4 3/4""","1"
"P00005569","MONAI","TURBINA 6 3/4""","0.8"
"P00005570","ANDURA","TURBINA 6 3/4""","0.8"
"P00005570","ANDURA","TURBINA 9 1/2""","1"
"P00005574","PAD MOITA BONITA 2.","TURBINA 9 1/2""","1"
"P00005610","BUZ-3.I12.","TURBINA 9 1/2""","1"
"P00005624","BUZ-3.P15.","DRILLING JAR 8"" OU 8 1/4""","1.5"
"P00005624","BUZ-3.P15.","ESTABILIZADOR 26""","1.5"
"P00005624","BUZ-3.P15.","MOTOR ALTO TORQUE 9 5/8"" - AT GD","0.8"
"P00005624","BUZ-3.P15.","MOTOR EXTRA TORQUE 9 5/8"" - AT GD","0.6"
"P00005624","BUZ-3.P15.","MWD 8"" - AT GD","1.5"
"P00005624","BUZ-3.P15.","PWD 8"" - AT GD","1.5"
"P00005624","BUZ-3.P15.","RESISTIVIDADE E GAMMA RAY 8"" - AT GD","1.5"
"P00005624","BUZ-3.P15.","ROTARY STEERABLE 9 1/2"" - AT GD","1"
"P00005624","BUZ-3.P15.","SÔNICO 8"" - AT GD","1"
"P00005624","BUZ-3.P15.","TURBINA 6 3/4""","0.8"
"P00005629","BUZ-2.P2.","DENSIDADE E NEUTRONS 8"" - AT GD","0.8"
"P00005629","BUZ-2.P2.","DRILLING JAR 8"" OU 8 1/4""","1.5"
"P00005629","BUZ-2.P2.","ESTABILIZADOR 28""","1.5"
"P00005629","BUZ-2.P2.","HOLE OPENER 42""","0.5"
"P00005629","BUZ-2.P2.","MOTOR ALTO TORQUE 9 5/8"" - AT GD","0.8"
"P00005629","BUZ-2.P2.","MOTOR EXTRA TORQUE 9 5/8"" - AT GD","0.6"
"P00005629","BUZ-2.P2.","MWD 8"" - AT GD","1.5"
"P00005629","BUZ-2.P2.","PWD 8"" - AT GD","1.5"
"P00005629","BUZ-2.P2.","RESISTIVIDADE E GAMMA RAY 8"" - AT GD","1.5"
"P00005629","BUZ-2.P2.","RESSONÂNCIA MAGNÉTICA 8"" - AT GD","0.7"
"P00005629","BUZ-2.P2.","ROTARY STEERABLE 9 1/2"" - AT GD","1"
"P00005629","BUZ-2.P2.","SÔNICO 8"" - AT GD","1"
"P00005629","BUZ-2.P2.","TURBINA 9 1/2""","1"
"P00005631","LL-IRA-N-DI.IW-IN11.","TURBINA 6 3/4""","0.8"
"P00005715","PAD SAGITARIO","TURBINA 6 3/4""","0.8"
"P00005715","PAD SAGITARIO","TURBINA 9 1/2""","1"
"P00005737","LIB-C3.","TURBINA 6 3/4""","0.8"
"P00005851","ITP.DG","TURBINA 6 3/4""","0.8"
"P00005851","ITP.DG","TURBINA 9 1/2""","1"
"P00005859","BBG.I3.","TURBINA 6 3/4""","0.8"
"P00005868","BUZ-5.I3.","TURBINA 9 1/2""","1"
"P00005899","BUZ-5.P4.","DRILLING JAR 8"" OU 8 1/4""","1.5"
"P00005899","BUZ-5.P4.","ESTABILIZADOR 28""","1.5"
"P00005899","BUZ-5.P4.","HOLE OPENER 42""","0.5"
"P00005899","BUZ-5.P4.","MOTOR ALTO TORQUE 9 5/8"" - AT GD","0.8"
"P00005899","BUZ-5.P4.","MWD 8"" - AT GD","1.5"
"P00005899","BUZ-5.P4.","PWD 8"" - AT GD","1.5"
"P00005899","BUZ-5.P4.","RESISTIVIDADE E GAMMA RAY 8"" - AT GD","1.5"
"P00005899","BUZ-5.P4.","ROTARY STEERABLE 9 1/2"" - AT GD","1"
"P00005899","BUZ-5.P4.","TURBINA 9 1/2""","1"
"P00005900","BUZ-P5.","TURBINA 9 1/2""","1"
"P00005901","BUZ-5.P6.","TURBINA 6 3/4""","0.8"
"P00005901","BUZ-5.P6.","TURBINA 9 1/2""","1"
"P00005918","AB.MRL-30-SW","DENSIDADE E NEUTRONS 6 3/4"" - AT PD","1"
"P00005918","AB.MRL-30-SW","DENSIDADE E NEUTRONS 8"" - AT GD","0.8"
"P00005918","AB.MRL-30-SW","DRILLING JAR 6 1/2"" OU 6 3/4""","1"
"P00005918","AB.MRL-30-SW","DRILLING JAR 8"" OU 8 1/4""","1.5"
"P00005918","AB.MRL-30-SW","MOTOR ALTO TORQUE 9 5/8"" - AT GD","0.8"
"P00005918","AB.MRL-30-SW","MOTOR EXTRA TORQUE 6 3/4"" - AT PD","0.4"
"P00005918","AB.MRL-30-SW","MWD 6 3/4"" - AT PD","1.2"
"P00005918","AB.MRL-30-SW","MWD 8"" - AT GD","1.5"
"P00005918","AB.MRL-30-SW","PWD 6 3/4"" - AT PD","1.2"
"P00005918","AB.MRL-30-SW","PWD 8"" - AT GD","1.5"
"P00005918","AB.MRL-30-SW","RESISTIVIDADE AZIMUTAL 6 3/4"" - AT PD","1"
"P00005918","AB.MRL-30-SW","RESISTIVIDADE AZIMUTAL PROFUNDA 6 3/4"" - AT PD","1"
"P00005918","AB.MRL-30-SW","RESISTIVIDADE E GAMMA RAY 6 3/4"" - AT PD","1.2"
"P00005918","AB.MRL-30-SW","RESISTIVIDADE E GAMMA RAY 8"" - AT GD","1.5"
"P00005918","AB.MRL-30-SW","RESSONÂNCIA MAGNÉTICA 6 3/4"" - AT PD","0.7"
"P00005918","AB.MRL-30-SW","ROTARY STEERABLE 6 3/4"" - AT PD","1"
"P00005918","AB.MRL-30-SW","ROTARY STEERABLE 9 1/2"" - AT GD","1"
"P00005918","AB.MRL-30-SW","TESTE DE PRESSÃO 6 3/4"" - AT PD","1"
"P00005918","AB.MRL-30-SW","TESTE DE PRESSÃO 8"" - AT GD","1"
"P00005926","S-MRL-2","DENSIDADE E NEUTRONS 8"" - AT GD","0.8"
"P00005926","S-MRL-2","DRILLING JAR 8"" OU 8 1/4""","1.5"
"P00005926","S-MRL-2","ESTABILIZADOR 26""","1.5"
"P00005926","S-MRL-2","MOTOR ALTO TORQUE 9 5/8"" - AT GD","0.8"
"P00005926","S-MRL-2","MWD 8"" - AT GD","1.5"
"P00005926","S-MRL-2","PWD 8"" - AT GD","1.5"
"P00005926","S-MRL-2","RESISTIVIDADE E GAMMA RAY 8"" - AT GD","1.5"
"P00005926","S-MRL-2","ROTARY STEERABLE 9 1/2"" - AT GD","1"
"P00005926","S-MRL-2","TESTE DE PRESSÃO 8"" - AT GD","1"
"P00005929","MRL-230.","DENSIDADE E NEUTRONS 6 3/4"" - AT PD","1"
"P00005929","MRL-230.","DENSIDADE E NEUTRONS 8"" - AT GD","0.8"
"P00005929","MRL-230.","DRILLING JAR 6 1/2"" OU 6 3/4""","1"
"P00005929","MRL-230.","DRILLING JAR 8"" OU 8 1/4""","1.5"
"P00005929","MRL-230.","MOTOR ALTO TORQUE 9 5/8"" - AT GD","0.8"
"P00005929","MRL-230.","MOTOR EXTRA TORQUE 6 3/4"" - AT PD","0.4"
"P00005929","MRL-230.","MWD 6 3/4"" - AT PD","1.2"
"P00005929","MRL-230.","MWD 8"" - AT GD","1.5"
"P00005929","MRL-230.","PWD 6 3/4"" - AT PD","1.2"
"P00005929","MRL-230.","PWD 8"" - AT GD","1.5"
"P00005929","MRL-230.","RESISTIVIDADE AZIMUTAL 6 3/4"" - AT PD","1"
"P00005929","MRL-230.","RESISTIVIDADE AZIMUTAL PROFUNDA 6 3/4"" - AT PD","1"
"P00005929","MRL-230.","RESISTIVIDADE E GAMMA RAY 6 3/4"" - AT PD","1.2"
"P00005929","MRL-230.","RESISTIVIDADE E GAMMA RAY 8"" - AT GD","1.5"
"P00005929","MRL-230.","RESSONÂNCIA MAGNÉTICA 6 3/4"" - AT PD","0.7"
"P00005929","MRL-230.","ROTARY STEERABLE 6 3/4"" - AT PD","1"
"P00005929","MRL-230.","ROTARY STEERABLE 9 1/2"" - AT GD","1"
"P00005929","MRL-230.","TESTE DE PRESSÃO 6 3/4"" - AT PD","1"
"P00005929","MRL-230.","TESTE DE PRESSÃO 8"" - AT GD","1"
"P00005930","S-MRL-6.","DRILLING JAR 8"" OU 8 1/4""","1.5"
"P00005930","S-MRL-6.","ESTABILIZADOR 26""","1.5"
"P00005930","S-MRL-6.","MOTOR ALTO TORQUE 9 5/8"" - AT GD","0.8"
"P00005930","S-MRL-6.","MWD 8"" - AT GD","1.5"
"P00005930","S-MRL-6.","PWD 8"" - AT GD","1.5"
"P00005930","S-MRL-6.","RESISTIVIDADE E GAMMA RAY 8"" - AT GD","1.5"
"P00006340","MLL.P21.","DRILLING JAR 6 1/2"" OU 6 3/4""","1"
"P00006340","MLL.P21.","DRILLING JAR 8"" OU 8 1/4""","1.5"
"P00006340","MLL.P21.","MOTOR ALTO TORQUE 9 5/8"" - AT GD","0.8"
"P00006340","MLL.P21.","MOTOR EXTRA TORQUE 6 3/4"" - AT PD","0.4"
"P00006340","MLL.P21.","MOTOR EXTRA TORQUE 9 5/8"" - AT GD","0.6"
"P00006340","MLL.P21.","MWD 6 3/4"" - AT PD","1.2"
"P00006340","MLL.P21.","MWD 8"" - AT GD","1.5"
"P00006340","MLL.P21.","PWD 6 3/4"" - AT PD","1.2"
"P00006340","MLL.P21.","PWD 8"" - AT GD","1.5"
"P00006340","MLL.P21.","RESISTIVIDADE AZIMUTAL 6 3/4"" - AT PD","1"
"P00006340","MLL.P21.","RESISTIVIDADE AZIMUTAL PROFUNDA 6 3/4"" - AT PD","1"
"P00006340","MLL.P21.","RESISTIVIDADE E GAMMA RAY 6 3/4"" - AT PD","1.2"
"P00006340","MLL.P21.","RESISTIVIDADE E GAMMA RAY 8"" - AT GD","1.5"
"P00006340","MLL.P21.","RESSONÂNCIA MAGNÉTICA 6 3/4"" - AT PD","0.7"
"P00006340","MLL.P21.","ROTARY STEERABLE 6 3/4"" - AT PD","1"
"P00006340","MLL.P21.","ROTARY STEERABLE 9 1/2"" - AT GD","1"
"P00006340","MLL.P21.","SÔNICO 8"" - AT GD","1"
"P00006340","MLL.P21.","TESTE DE PRESSÃO 6 3/4"" - AT PD","1"
"P00006340","MLL.P21.","TESTE DE PRESSÃO 8"" - AT GD","1"
"P00006343","BAZ.APBAZ-P1.","DENSIDADE E NEUTRONS 6 3/4"" - AT PD","1"
"P00006343","BAZ.APBAZ-P1.","DENSIDADE E NEUTRONS 8"" - AT GD","0.8"
"P00006343","BAZ.APBAZ-P1.","DRILLING JAR 6 1/2"" OU 6 3/4""","1"
"P00006343","BAZ.APBAZ-P1.","DRILLING JAR 8"" OU 8 1/4""","3"
"P00006343","BAZ.APBAZ-P1.","ESTABILIZADOR 26""","1.5"
"P00006343","BAZ.APBAZ-P1.","HOLE OPENER 36""","0.5"
"P00006343","BAZ.APBAZ-P1.","MOTOR ALTO TORQUE 9 5/8"" - AT GD","0.8"
"P00006343","BAZ.APBAZ-P1.","MOTOR EXTRA TORQUE 6 3/4"" - AT PD","0.4"
"P00006343","BAZ.APBAZ-P1.","MOTOR EXTRA TORQUE 9 5/8"" - AT GD","1.2"
"P00006343","BAZ.APBAZ-P1.","MWD 6 3/4"" - AT PD","1.2"
"P00006343","BAZ.APBAZ-P1.","MWD 8"" - AT GD","3"
"P00006343","BAZ.APBAZ-P1.","PWD 6 3/4"" - AT PD","1.2"
"P00006343","BAZ.APBAZ-P1.","PWD 8"" - AT GD","3"
"P00006343","BAZ.APBAZ-P1.","RESISTIVIDADE AZIMUTAL 6 3/4"" - AT PD","1"
"P00006343","BAZ.APBAZ-P1.","RESISTIVIDADE AZIMUTAL PROFUNDA 6 3/4"" - AT PD","1"
"P00006343","BAZ.APBAZ-P1.","RESISTIVIDADE E GAMMA RAY 6 3/4"" - AT PD","1.2"
"P00006343","BAZ.APBAZ-P1.","RESISTIVIDADE E GAMMA RAY 8"" - AT GD","3"
"P00006343","BAZ.APBAZ-P1.","ROTARY STEERABLE 6 3/4"" - AT PD","1"
"P00006343","BAZ.APBAZ-P1.","ROTARY STEERABLE 9 1/2"" - AT GD","1"
"P00006343","BAZ.APBAZ-P1.","TESTE DE PRESSÃO 6 3/4"" - AT PD","1"
"P00006343","BAZ.APBAZ-P1.","TESTE DE PRESSÃO 8"" - AT GD","1"
"P00006349","MLL.SP-1.","DRILLING JAR 8"" OU 8 1/4""","1.5"
"P00006349","MLL.SP-1.","ESTABILIZADOR 26""","1.5"
"P00006349","MLL.SP-1.","MOTOR ALTO TORQUE 9 5/8"" - AT GD","0.8"
"P00006349","MLL.SP-1.","MOTOR EXTRA TORQUE 9 5/8"" - AT GD","0.6"
"P00006349","MLL.SP-1.","MWD 8"" - AT GD","1.5"
"P00006349","MLL.SP-1.","PWD 8"" - AT GD","1.5"
"P00006349","MLL.SP-1.","RESISTIVIDADE E GAMMA RAY 8"" - AT GD","1.5"
"P00006349","MLL.SP-1.","ROTARY STEERABLE 9 1/2"" - AT GD","1"
"P00006349","MLL.SP-1.","SÔNICO 8"" - AT GD","1"
"P00006349","MLL.SP-1.","TESTE DE PRESSÃO 8"" - AT GD","1"
"P00006351","MLL.TRACA3.","DRILLING JAR 6 1/2"" OU 6 3/4""","1"
"P00006351","MLL.TRACA3.","DRILLING JAR 8"" OU 8 1/4""","1.5"
"P00006351","MLL.TRACA3.","ESTABILIZADOR 26""","1.5"
"P00006351","MLL.TRACA3.","HOLE OPENER 36""","0.5"
"P00006351","MLL.TRACA3.","MOTOR ALTO TORQUE 9 5/8"" - AT GD","0.8"
"P00006351","MLL.TRACA3.","MOTOR EXTRA TORQUE 6 3/4"" - AT PD","0.4"
"P00006351","MLL.TRACA3.","MOTOR EXTRA TORQUE 9 5/8"" - AT GD","0.6"
"P00006351","MLL.TRACA3.","MWD 6 3/4"" - AT PD","1.2"
"P00006351","MLL.TRACA3.","MWD 8"" - AT GD","1.5"
"P00006351","MLL.TRACA3.","PWD 6 3/4"" - AT PD","1.2"
"P00006351","MLL.TRACA3.","PWD 8"" - AT GD","1.5"
"P00006351","MLL.TRACA3.","RESISTIVIDADE AZIMUTAL 6 3/4"" - AT PD","1"
"P00006351","MLL.TRACA3.","RESISTIVIDADE E GAMMA RAY 6 3/4"" - AT PD","1.2"
"P00006351","MLL.TRACA3.","RESISTIVIDADE E GAMMA RAY 8"" - AT GD","1.5"
"P00006351","MLL.TRACA3.","RESSONÂNCIA MAGNÉTICA 6 3/4"" - AT PD","0.7"
"P00006351","MLL.TRACA3.","ROTARY STEERABLE 6 3/4"" - AT PD","1"
"P00006351","MLL.TRACA3.","ROTARY STEERABLE 9 1/2"" - AT GD","1"
"P00006351","MLL.TRACA3.","SÔNICO 8"" - AT GD","1"
"P00006351","MLL.TRACA3.","TESTE DE PRESSÃO 6 3/4"" - AT PD","1"
"P00006351","MLL.TRACA3.","TESTE DE PRESSÃO 8"" - AT GD","1"
"P00006364","PAD PITU EXT 2.","TURBINA 6 3/4""","0.8"
"P00006364","PAD PITU EXT 2.","TURBINA 9 1/2""","1"
"P00006372","SRR-ADR8.","TURBINA 9 1/2""","1"
"P00006439","DP-SEALI.FARFAN-I3.","TURBINA 6 3/4""","0.8"
"P00006439","DP-SEALI.FARFAN-I3.","TURBINA 9 1/2""","1"
"P00006452","LB3NW-ADR2 - NW12.","MOTOR EXTRA TORQUE 9 5/8"" - AT GD","0.6"
"P00006452","LB3NW-ADR2 - NW12.","MWD 8"" - AT GD","1.5"
"P00006452","LB3NW-ADR2 - NW12.","PWD 8"" - AT GD","1.5"
"P00006452","LB3NW-ADR2 - NW12.","RESISTIVIDADE E GAMMA RAY 8"" - AT GD","1.5"
"P00006452","LB3NW-ADR2 - NW12.","RESSONÂNCIA MAGNÉTICA 8"" - AT GD","0.7"
"P00006452","LB3NW-ADR2 - NW12.","ROTARY STEERABLE 9 1/2"" - AT GD","1"
"P00006452","LB3NW-ADR2 - NW12.","SÔNICO 8"" - AT GD","1"
"P00006452","LB3NW-ADR2 - NW12.","TURBINA 9 1/2""","1"
"P00006453","LIB-NW10.","MOTOR ALTO TORQUE 9 5/8"" - AT GD","0.8"
"P00006453","LIB-NW10.","MOTOR EXTRA TORQUE 12"" - AT GD","1"
"P00006453","LIB-NW10.","MOTOR EXTRA TORQUE 6 3/4"" - AT PD","0.4"
"P00006453","LIB-NW10.","MOTOR EXTRA TORQUE 9 5/8"" - AT GD","0.6"
"P00006453","LIB-NW10.","MWD 6 3/4"" - AT PD","1.2"
"P00006453","LIB-NW10.","MWD 8"" - AT GD","3"
"P00006453","LIB-NW10.","PWD 6 3/4"" - AT PD","1.2"
"P00006453","LIB-NW10.","PWD 8"" - AT GD","3"
"P00006453","LIB-NW10.","RESISTIVIDADE E GAMMA RAY 6 3/4"" - AT PD","1.2"
"P00006453","LIB-NW10.","RESISTIVIDADE E GAMMA RAY 8"" - AT GD","3"
"P00006453","LIB-NW10.","RESSONÂNCIA MAGNÉTICA 6 3/4"" - AT PD","0.7"
"P00006453","LIB-NW10.","RESSONÂNCIA MAGNÉTICA 8"" - AT GD","0.7"
"P00006453","LIB-NW10.","ROTARY STEERABLE 9 1/2"" - AT GD","1"
"P00006453","LIB-NW10.","SÔNICO 6 3/4"" - AT PD","0.8"
"P00006453","LIB-NW10.","SÔNICO 8"" - AT GD","1"
"P00006453","LIB-NW10.","TURBINA 6 3/4""","0.8"
"P00006453","LIB-NW10.","TURBINA 9 1/2""","1"
"P00006457","LIB-NW6.","MOTOR EXTRA TORQUE 6 3/4"" - AT PD","0.4"
"P00006457","LIB-NW6.","MOTOR EXTRA TORQUE 9 5/8"" - AT GD","0.6"
"P00006457","LIB-NW6.","MWD 6 3/4"" - AT PD","1.2"
"P00006457","LIB-NW6.","MWD 8"" - AT GD","1.5"
"P00006457","LIB-NW6.","PWD 6 3/4"" - AT PD","1.2"
"P00006457","LIB-NW6.","PWD 8"" - AT GD","1.5"
"P00006457","LIB-NW6.","RESISTIVIDADE E GAMMA RAY 6 3/4"" - AT PD","1.2"
"P00006457","LIB-NW6.","RESISTIVIDADE E GAMMA RAY 8"" - AT GD","1.5"
"P00006457","LIB-NW6.","RESSONÂNCIA MAGNÉTICA 6 3/4"" - AT PD","0.7"
"P00006457","LIB-NW6.","RESSONÂNCIA MAGNÉTICA 8"" - AT GD","0.7"
"P00006457","LIB-NW6.","ROTARY STEERABLE 9 1/2"" - AT GD","1"
"P00006457","LIB-NW6.","SÔNICO 6 3/4"" - AT PD","0.8"
"P00006457","LIB-NW6.","SÔNICO 8"" - AT GD","1"
"P00006457","LIB-NW6.","TURBINA 6 3/4""","0.8"
"P00006457","LIB-NW6.","TURBINA 9 1/2""","1"
"P00006463","LB1NW.I1.","TURBINA 4 3/4""","1"
"P00006463","LB1NW.I1.","TURBINA 6 3/4""","0.8"
"P00006463","LB1NW.I1.","TURBINA 9 1/2""","1"
"P00006464","LB1NW.I2.","TURBINA 6 3/4""","0.8"
"P00006464","LB1NW.I2.","TURBINA 9 1/2""","1"
"P00006467","LB1NW.I5.","TURBINA 4 3/4""","1"
"P00006467","LB1NW.I5.","TURBINA 6 3/4""","0.8"
"P00006467","LB1NW.I5.","TURBINA 9 1/2""","1"
"P00006468","LB1NW.I6.","MOTOR EXTRA TORQUE 12"" - AT GD","1"
"P00006468","LB1NW.I6.","MWD 8"" - AT GD","1.5"
"P00006468","LB1NW.I6.","PWD 8"" - AT GD","1.5"
"P00006468","LB1NW.I6.","RESISTIVIDADE E GAMMA RAY 8"" - AT GD","1.5"
"P00006468","LB1NW.I6.","TURBINA 6 3/4""","0.8"
"P00006468","LB1NW.I6.","TURBINA 9 1/2""","1"
"P00006470","LB1NW.P3.","TURBINA 6 3/4""","0.8"
"P00006470","LB1NW.P3.","TURBINA 9 1/2""","1"
"P00006471","LB1NW.P4.","MOTOR EXTRA TORQUE 12"" - AT GD","1"
"P00006471","LB1NW.P4.","MOTOR EXTRA TORQUE 4 3/4"" - AT SH","1"
"P00006471","LB1NW.P4.","MOTOR EXTRA TORQUE 6 3/4"" - AT PD","0.4"
"P00006471","LB1NW.P4.","MOTOR EXTRA TORQUE 9 5/8"" - AT GD","0.6"
"P00006471","LB1NW.P4.","MWD 4 3/4"" - AT SH","1"
"P00006471","LB1NW.P4.","MWD 6 3/4"" - AT PD","1.2"
"P00006471","LB1NW.P4.","MWD 8"" - AT GD","1.5"
"P00006471","LB1NW.P4.","PWD 4 3/4"" - AT SH","1"
"P00006471","LB1NW.P4.","PWD 6 3/4"" - AT PD","1.2"
"P00006471","LB1NW.P4.","PWD 8"" - AT GD","1.5"
"P00006471","LB1NW.P4.","RESISTIVIDADE E GAMMA RAY 4 3/4"" - AT SH","1"
"P00006471","LB1NW.P4.","RESISTIVIDADE E GAMMA RAY 6 3/4"" - AT PD","1.2"
"P00006471","LB1NW.P4.","RESISTIVIDADE E GAMMA RAY 8"" - AT GD","1.5"
"P00006471","LB1NW.P4.","RESSONÂNCIA MAGNÉTICA 6 3/4"" - AT PD","0.7"
"P00006471","LB1NW.P4.","RESSONÂNCIA MAGNÉTICA 8"" - AT GD","0.7"
"P00006471","LB1NW.P4.","ROTARY STEERABLE 9 1/2"" - AT GD","1"
"P00006471","LB1NW.P4.","SÔNICO 4 3/4"" - AT SH","1"
"P00006471","LB1NW.P4.","SÔNICO 6 3/4"" - AT PD","0.8"
"P00006471","LB1NW.P4.","SÔNICO 8"" - AT GD","1"
"P00006471","LB1NW.P4.","TURBINA 4 3/4""","1"
"P00006471","LB1NW.P4.","TURBINA 6 3/4""","0.8"
"P00006471","LB1NW.P4.","TURBINA 9 1/2""","1"
"P00006517","BUZ-5.I4.","TURBINA 6 3/4""","0.8"
"P00006517","BUZ-5.I4.","TURBINA 9 1/2""","1"
"P00006556","RO.I1-12.","DENSIDADE E NEUTRONS 6 3/4"" - AT PD","1"
"P00006556","RO.I1-12.","DENSIDADE E NEUTRONS 8"" - AT GD","0.8"
"P00006556","RO.I1-12.","DRILLING JAR 6 1/2"" OU 6 3/4""","1"
"P00006556","RO.I1-12.","DRILLING JAR 8"" OU 8 1/4""","1.5"
"P00006556","RO.I1-12.","ESTABILIZADOR 26""","1.5"
"P00006556","RO.I1-12.","MOTOR ALTO TORQUE 9 5/8"" - AT GD","0.8"
"P00006556","RO.I1-12.","MOTOR EXTRA TORQUE 6 3/4"" - AT PD","0.4"
"P00006556","RO.I1-12.","MOTOR EXTRA TORQUE 9 5/8"" - AT GD","0.6"
"P00006556","RO.I1-12.","MWD 6 3/4"" - AT PD","1.2"
"P00006556","RO.I1-12.","MWD 8"" - AT GD","1.5"
"P00006556","RO.I1-12.","PWD 6 3/4"" - AT PD","1.2"
"P00006556","RO.I1-12.","PWD 8"" - AT GD","1.5"
"P00006556","RO.I1-12.","RESISTIVIDADE AZIMUTAL 6 3/4"" - AT PD","1"
"P00006556","RO.I1-12.","RESISTIVIDADE AZIMUTAL PROFUNDA 6 3/4"" - AT PD","1"
"P00006556","RO.I1-12.","RESISTIVIDADE E GAMMA RAY 6 3/4"" - AT PD","1.2"
"P00006556","RO.I1-12.","RESISTIVIDADE E GAMMA RAY 8"" - AT GD","1.5"
"P00006556","RO.I1-12.","ROTARY STEERABLE 6 3/4"" - AT PD","1"
"P00006556","RO.I1-12.","ROTARY STEERABLE 9 1/2"" - AT GD","1"
"P00006556","RO.I1-12.","SÔNICO 8"" - AT GD","1"
"P00006556","RO.I1-12.","TESTE DE PRESSÃO 6 3/4"" - AT PD","1"
"P00006556","RO.I1-12.","TESTE DE PRESSÃO 8"" - AT GD","1"
"P00006591","LB1NW.I7.","TURBINA 4 3/4""","1"
"P00006591","LB1NW.I7.","TURBINA 6 3/4""","0.8"
"P00006591","LB1NW.I7.","TURBINA 9 1/2""","1"
"P00006592","LB1NW.I8.","TURBINA 4 3/4""","1"
"P00006592","LB1NW.I8.","TURBINA 6 3/4""","0.8"
"P00006592","LB1NW.I8.","TURBINA 9 1/2""","1"
"P00006593","LB1NW.P5.","TURBINA 4 3/4""","1"
"P00006593","LB1NW.P5.","TURBINA 6 3/4""","0.8"
"P00006593","LB1NW.P5.","TURBINA 9 1/2""","1"
"P00006649","SRR-ADR7.","TURBINA 6 3/4""","0.8"
"P00006649","SRR-ADR7.","TURBINA 9 1/2""","1"
"P00006676","ATP-1.I11.","TURBINA 6 3/4""","0.8"
"P00006709","8-RO-165 - RO.I1-13.","DENSIDADE E NEUTRONS 6 3/4"" - AT PD","1"
"P00006709","8-RO-165 - RO.I1-13.","DENSIDADE E NEUTRONS 8"" - AT GD","0.8"
"P00006709","8-RO-165 - RO.I1-13.","DRILLING JAR 6 1/2"" OU 6 3/4""","1"
"P00006709","8-RO-165 - RO.I1-13.","DRILLING JAR 8"" OU 8 1/4""","1.5"
"P00006709","8-RO-165 - RO.I1-13.","MOTOR ALTO TORQUE 9 5/8"" - AT GD","0.8"
"P00006709","8-RO-165 - RO.I1-13.","MOTOR EXTRA TORQUE 6 3/4"" - AT PD","0.4"
"P00006709","8-RO-165 - RO.I1-13.","MOTOR EXTRA TORQUE 9 5/8"" - AT GD","0.6"
"P00006709","8-RO-165 - RO.I1-13.","MWD 6 3/4"" - AT PD","1.2"
"P00006709","8-RO-165 - RO.I1-13.","MWD 8"" - AT GD","1.5"
"P00006709","8-RO-165 - RO.I1-13.","PWD 6 3/4"" - AT PD","1.2"
"P00006709","8-RO-165 - RO.I1-13.","PWD 8"" - AT GD","1.5"
"P00006709","8-RO-165 - RO.I1-13.","RESISTIVIDADE AZIMUTAL 6 3/4"" - AT PD","1"
"P00006709","8-RO-165 - RO.I1-13.","RESISTIVIDADE AZIMUTAL PROFUNDA 6 3/4"" - AT PD","1"
"P00006709","8-RO-165 - RO.I1-13.","RESISTIVIDADE E GAMMA RAY 6 3/4"" - AT PD","1.2"
"P00006709","8-RO-165 - RO.I1-13.","RESISTIVIDADE E GAMMA RAY 8"" - AT GD","1.5"
"P00006709","8-RO-165 - RO.I1-13.","ROTARY STEERABLE 6 3/4"" - AT PD","1"
"P00006709","8-RO-165 - RO.I1-13.","ROTARY STEERABLE 9 1/2"" - AT GD","1"
"P00006709","8-RO-165 - RO.I1-13.","SÔNICO 8"" - AT GD","1"
"P00006709","8-RO-165 - RO.I1-13.","TESTE DE PRESSÃO 6 3/4"" - AT PD","1"
"P00006709","8-RO-165 - RO.I1-13.","TESTE DE PRESSÃO 8"" - AT GD","1"
"P00006781","ATP-1.P2.","TURBINA 6 3/4""","0.8"
"P00006781","ATP-1.P2.","TURBINA 9 1/2""","1"
"P00006783","SEP.I6.","TURBINA 6 3/4""","0.8"
"P00006829","SRR.I7.","DRILLING JAR 8"" OU 8 1/4""","1.5"
"P00006829","SRR.I7.","ESTABILIZADOR 26""","1.5"
"P00006829","SRR.I7.","HOLE OPENER 42""","0.5"
"P00006829","SRR.I7.","MOTOR ALTO TORQUE 9 5/8"" - AT GD","0.8"
"P00006829","SRR.I7.","MWD 8"" - AT GD","1.5"
"P00006829","SRR.I7.","PWD 8"" - AT GD","1.5"
"P00006829","SRR.I7.","RESISTIVIDADE E GAMMA RAY 8"" - AT GD","1.5"
"P00006829","SRR.I7.","TURBINA 6 3/4""","0.8"
"P00006837","BUZ-5.P1.","TURBINA 9 1/2""","1"
"P00006842","ITP-ADR2.","DENSIDADE E NEUTRONS 6 3/4"" - AT PD","1"
"P00006842","ITP-ADR2.","DRILLING JAR 6 1/2"" OU 6 3/4""","1"
"P00006842","ITP-ADR2.","DRILLING JAR 8"" OU 8 1/4""","1.5"
"P00006842","ITP-ADR2.","ESTABILIZADOR 28""","1.5"
"P00006842","ITP-ADR2.","HOLE OPENER 42""","0.5"
"P00006842","ITP-ADR2.","MOTOR ALTO TORQUE 9 5/8"" - AT GD","0.8"
"P00006842","ITP-ADR2.","MOTOR EXTRA TORQUE 6 3/4"" - AT PD","0.4"
"P00006842","ITP-ADR2.","MOTOR EXTRA TORQUE 9 5/8"" - AT GD","0.6"
"P00006842","ITP-ADR2.","MWD 6 3/4"" - AT PD","1.2"
"P00006842","ITP-ADR2.","MWD 8"" - AT GD","1.5"
"P00006842","ITP-ADR2.","PWD 6 3/4"" - AT PD","1.2"
"P00006842","ITP-ADR2.","PWD 8"" - AT GD","1.5"
"P00006842","ITP-ADR2.","RESISTIVIDADE E GAMMA RAY 6 3/4"" - AT PD","1.2"
"P00006842","ITP-ADR2.","RESISTIVIDADE E GAMMA RAY 8"" - AT GD","1.5"
"P00006842","ITP-ADR2.","RESSONÂNCIA MAGNÉTICA 6 3/4"" - AT PD","0.7"
"P00006842","ITP-ADR2.","ROTARY STEERABLE 9 1/2"" - AT GD","1"
"P00006842","ITP-ADR2.","SÔNICO 6 3/4"" - AT PD","0.8"
"P00006842","ITP-ADR2.","SÔNICO 8"" - AT GD","1"
"P00006842","ITP-ADR2.","TURBINA 6 3/4""","0.8"
"P00006995","XOTE","TURBINA 6 3/4""","0.8"
"P00006995","XOTE","TURBINA 9 1/2""","1"
"P00007037","CACHORRO-QUENTE","DENSIDADE E NEUTRONS 6 3/4"" - AT PD","1"
"P00007037","CACHORRO-QUENTE","DENSIDADE E NEUTRONS 8"" - AT GD","0.8"
"P00007037","CACHORRO-QUENTE","DRILLING JAR 6 1/2"" OU 6 3/4""","1"
"P00007037","CACHORRO-QUENTE","DRILLING JAR 8"" OU 8 1/4""","1.5"
"P00007037","CACHORRO-QUENTE","ESTABILIZADOR 26""","1.5"
"P00007037","CACHORRO-QUENTE","MOTOR ALTO TORQUE 9 5/8"" - AT GD","0.8"
"P00007037","CACHORRO-QUENTE","MOTOR EXTRA TORQUE 6 3/4"" - AT PD","0.4"
"P00007037","CACHORRO-QUENTE","MOTOR EXTRA TORQUE 9 5/8"" - AT GD","0.6"
"P00007037","CACHORRO-QUENTE","MWD 6 3/4"" - AT PD","1.2"
"P00007037","CACHORRO-QUENTE","MWD 8"" - AT GD","1.5"
"P00007037","CACHORRO-QUENTE","PWD 6 3/4"" - AT PD","1.2"
"P00007037","CACHORRO-QUENTE","PWD 8"" - AT GD","1.5"
"P00007037","CACHORRO-QUENTE","RESISTIVIDADE E GAMMA RAY 6 3/4"" - AT PD","1.2"
"P00007037","CACHORRO-QUENTE","RESISTIVIDADE E GAMMA RAY 8"" - AT GD","1.5"
"P00007037","CACHORRO-QUENTE","RESSONÂNCIA MAGNÉTICA 6 3/4"" - AT PD","0.7"
"P00007037","CACHORRO-QUENTE","ROTARY STEERABLE 9 1/2"" - AT GD","1"
"P00007037","CACHORRO-QUENTE","SÔNICO 6 3/4"" - AT PD","0.8"
"P00007037","CACHORRO-QUENTE","TESTE DE PRESSÃO 6 3/4"" - AT PD","1"
"P00007037","CACHORRO-QUENTE","TESTE DE PRESSÃO 8"" - AT GD","1"
"P00007069","BUZ-4.I8.","TURBINA 6 3/4""","0.8"
"P00007074","BUZ-5.I7.","TURBINA 6 3/4""","0.8"
"P00007075","BUZ-5.P2.","TURBINA 9 1/2""","1"
"P00007269","PM.PM-L4A","DENSIDADE E NEUTRONS 6 3/4"" - AT PD","1"
"P00007269","PM.PM-L4A","DENSIDADE E NEUTRONS 8"" - AT GD","0.8"
"P00007269","PM.PM-L4A","DRILLING JAR 6 1/2"" OU 6 3/4""","1"
"P00007269","PM.PM-L4A","DRILLING JAR 8"" OU 8 1/4""","1.5"
"P00007269","PM.PM-L4A","ESTABILIZADOR 26""","1.5"
"P00007269","PM.PM-L4A","HOLE OPENER 36""","0.5"
"P00007269","PM.PM-L4A","MOTOR ALTO TORQUE 9 5/8"" - AT GD","0.8"
"P00007269","PM.PM-L4A","MOTOR EXTRA TORQUE 6 3/4"" - AT PD","0.4"
"P00007269","PM.PM-L4A","MWD 6 3/4"" - AT PD","1.2"
"P00007269","PM.PM-L4A","MWD 8"" - AT GD","1.5"
"P00007269","PM.PM-L4A","PWD 6 3/4"" - AT PD","1.2"
"P00007269","PM.PM-L4A","PWD 8"" - AT GD","1.5"
"P00007269","PM.PM-L4A","RESISTIVIDADE AZIMUTAL 6 3/4"" - AT PD","1"
"P00007269","PM.PM-L4A","RESISTIVIDADE E GAMMA RAY 6 3/4"" - AT PD","1.2"
"P00007269","PM.PM-L4A","RESISTIVIDADE E GAMMA RAY 8"" - AT GD","1.5"
"P00007269","PM.PM-L4A","RESSONÂNCIA MAGNÉTICA 6 3/4"" - AT PD","0.7"
"P00007269","PM.PM-L4A","ROTARY STEERABLE 6 3/4"" - AT PD","1"
"P00007269","PM.PM-L4A","ROTARY STEERABLE 9 1/2"" - AT GD","1"
"P00007269","PM.PM-L4A","TESTE DE PRESSÃO 6 3/4"" - AT PD","1"
"P00007269","PM.PM-L4A","TESTE DE PRESSÃO 8"" - AT GD","1"
"P00007546","2P8 - ABL-ADR-AREAABL210 - (ADR_ABL-69) - DP","DRILLING JAR 8"" OU 8 1/4""","1.5"
"P00007546","2P8 - ABL-ADR-AREAABL210 - (ADR_ABL-69) - DP","MOTOR ALTO TORQUE 9 5/8"" - AT GD","0.8"
"P00007546","2P8 - ABL-ADR-AREAABL210 - (ADR_ABL-69) - DP","MWD 8"" - AT GD","1.5"
"P00007546","2P8 - ABL-ADR-AREAABL210 - (ADR_ABL-69) - DP","PWD 8"" - AT GD","1.5"
"P00007546","2P8 - ABL-ADR-AREAABL210 - (ADR_ABL-69) - DP","RESISTIVIDADE E GAMMA RAY 8"" - AT GD","1.5"
"P00007546","2P8 - ABL-ADR-AREAABL210 - (ADR_ABL-69) - DP","SÔNICO 8"" - AT GD","1"
"P00007565","AB-ADR-A-FORNO","DRILLING JAR 8"" OU 8 1/4""","1.5"
"P00007565","AB-ADR-A-FORNO","ESTABILIZADOR 28""","1.5"
"P00007565","AB-ADR-A-FORNO","HOLE OPENER 42""","0.5"
"P00007565","AB-ADR-A-FORNO","MOTOR ALTO TORQUE 9 5/8"" - AT GD","0.8"
"P00007565","AB-ADR-A-FORNO","MWD 8"" - AT GD","1.5"
"P00007565","AB-ADR-A-FORNO","PWD 8"" - AT GD","1.5"
"P00007565","AB-ADR-A-FORNO","RESISTIVIDADE E GAMMA RAY 8"" - AT GD","1.5"
"P00007608","9-PPT-42DP-RJS / 7-PPT-50HP-RJS","DENSIDADE E NEUTRONS 6 3/4"" - AT PD","1"
"P00007608","9-PPT-42DP-RJS / 7-PPT-50HP-RJS","DENSIDADE E NEUTRONS 8"" - AT GD","0.8"
"P00007608","9-PPT-42DP-RJS / 7-PPT-50HP-RJS","DRILLING JAR 6 1/2"" OU 6 3/4""","1"
"P00007608","9-PPT-42DP-RJS / 7-PPT-50HP-RJS","DRILLING JAR 8"" OU 8 1/4""","1.5"
"P00007608","9-PPT-42DP-RJS / 7-PPT-50HP-RJS","MOTOR ALTO TORQUE 9 5/8"" - AT GD","0.8"
"P00007608","9-PPT-42DP-RJS / 7-PPT-50HP-RJS","MOTOR EXTRA TORQUE 6 3/4"" - AT PD","0.4"
"P00007608","9-PPT-42DP-RJS / 7-PPT-50HP-RJS","MWD 6 3/4"" - AT PD","1.2"
"P00007608","9-PPT-42DP-RJS / 7-PPT-50HP-RJS","MWD 8"" - AT GD","1.5"
"P00007608","9-PPT-42DP-RJS / 7-PPT-50HP-RJS","PWD 6 3/4"" - AT PD","1.2"
"P00007608","9-PPT-42DP-RJS / 7-PPT-50HP-RJS","PWD 8"" - AT GD","1.5"
"P00007608","9-PPT-42DP-RJS / 7-PPT-50HP-RJS","RESISTIVIDADE AZIMUTAL 6 3/4"" - AT PD","1"
"P00007608","9-PPT-42DP-RJS / 7-PPT-50HP-RJS","RESISTIVIDADE AZIMUTAL PROFUNDA 6 3/4"" - AT PD","1"
"P00007608","9-PPT-42DP-RJS / 7-PPT-50HP-RJS","RESISTIVIDADE E GAMMA RAY 6 3/4"" - AT PD","1.2"
"P00007608","9-PPT-42DP-RJS / 7-PPT-50HP-RJS","RESISTIVIDADE E GAMMA RAY 8"" - AT GD","1.5"
"P00007608","9-PPT-42DP-RJS / 7-PPT-50HP-RJS","RESSONÂNCIA MAGNÉTICA 6 3/4"" - AT PD","0.7"
"P00007608","9-PPT-42DP-RJS / 7-PPT-50HP-RJS","ROTARY STEERABLE 6 3/4"" - AT PD","1"
"P00007608","9-PPT-42DP-RJS / 7-PPT-50HP-RJS","ROTARY STEERABLE 9 1/2"" - AT GD","1"
"P00007608","9-PPT-42DP-RJS / 7-PPT-50HP-RJS","TESTE DE PRESSÃO 6 3/4"" - AT PD","1"
"P00007608","9-PPT-42DP-RJS / 7-PPT-50HP-RJS","TESTE DE PRESSÃO 8"" - AT GD","1"
"P00007655","SBBG.I10.","TURBINA 6 3/4""","0.8"
"P00007753","7-BUZ-24D-RJS","DENSIDADE E NEUTRONS 8"" - AT GD","0.8"
"P00007753","7-BUZ-24D-RJS","DRILLING JAR 8"" OU 8 1/4""","1.5"
"P00007753","7-BUZ-24D-RJS","MOTOR EXTRA TORQUE 9 5/8"" - AT GD","0.6"
"P00007753","7-BUZ-24D-RJS","MWD 8"" - AT GD","1.5"
"P00007753","7-BUZ-24D-RJS","PWD 8"" - AT GD","1.5"
"P00007753","7-BUZ-24D-RJS","RESISTIVIDADE E GAMMA RAY 8"" - AT GD","1.5"
"P00007753","7-BUZ-24D-RJS","RESSONÂNCIA MAGNÉTICA 8"" - AT GD","0.7"
"P00007753","7-BUZ-24D-RJS","ROTARY STEERABLE 9 1/2"" - AT GD","1"
"P00007753","7-BUZ-24D-RJS","SÔNICO 8"" - AT GD","1"
"P00007753","7-BUZ-24D-RJS","TURBINA 9 1/2""","1"
"P00007769","7-TVD-16DP-RJS","DENSIDADE E NEUTRONS 6 3/4"" - AT PD","1"
"P00007769","7-TVD-16DP-RJS","DENSIDADE E NEUTRONS 8"" - AT GD","0.8"
"P00007769","7-TVD-16DP-RJS","DRILLING JAR 6 1/2"" OU 6 3/4""","1"
"P00007769","7-TVD-16DP-RJS","DRILLING JAR 8"" OU 8 1/4""","1.5"
"P00007769","7-TVD-16DP-RJS","MOTOR EXTRA TORQUE 6 3/4"" - AT PD","0.4"
"P00007769","7-TVD-16DP-RJS","MWD 6 3/4"" - AT PD","1.2"
"P00007769","7-TVD-16DP-RJS","MWD 8"" - AT GD","1.5"
"P00007769","7-TVD-16DP-RJS","PWD 6 3/4"" - AT PD","1.2"
"P00007769","7-TVD-16DP-RJS","PWD 8"" - AT GD","1.5"
"P00007769","7-TVD-16DP-RJS","RESISTIVIDADE E GAMMA RAY 6 3/4"" - AT PD","1.2"
"P00007769","7-TVD-16DP-RJS","RESISTIVIDADE E GAMMA RAY 8"" - AT GD","1.5"
"P00007774","SUBSTMLL56 (MLL-DC-SUBST-MLL56)","DRILLING JAR 8"" OU 8 1/4""","1.5"
"P00007774","SUBSTMLL56 (MLL-DC-SUBST-MLL56)","ESTABILIZADOR 26""","1.5"
"P00007774","SUBSTMLL56 (MLL-DC-SUBST-MLL56)","HOLE OPENER 36""","0.5"
"P00007774","SUBSTMLL56 (MLL-DC-SUBST-MLL56)","MWD 8"" - AT GD","1.5"
"P00007774","SUBSTMLL56 (MLL-DC-SUBST-MLL56)","PWD 8"" - AT GD","1.5"
"P00007774","SUBSTMLL56 (MLL-DC-SUBST-MLL56)","RESISTIVIDADE E GAMMA RAY 8"" - AT GD","1.5"
"P00007790","9-BR-82D-RJS","DENSIDADE E NEUTRONS 6 3/4"" - AT PD","1"
"P00007790","9-BR-82D-RJS","DENSIDADE E NEUTRONS 8"" - AT GD","0.8"
"P00007790","9-BR-82D-RJS","DRILLING JAR 6 1/2"" OU 6 3/4""","1"
"P00007790","9-BR-82D-RJS","DRILLING JAR 8"" OU 8 1/4""","1.5"
"P00007790","9-BR-82D-RJS","ESTABILIZADOR 26""","1.5"
"P00007790","9-BR-82D-RJS","MOTOR EXTRA TORQUE 6 3/4"" - AT PD","0.4"
"P00007790","9-BR-82D-RJS","MWD 6 3/4"" - AT PD","1.2"
"P00007790","9-BR-82D-RJS","MWD 8"" - AT GD","1.5"
"P00007790","9-BR-82D-RJS","PWD 6 3/4"" - AT PD","1.2"
"P00007790","9-BR-82D-RJS","PWD 8"" - AT GD","1.5"
"P00007790","9-BR-82D-RJS","RESISTIVIDADE E GAMMA RAY 6 3/4"" - AT PD","1.2"
"P00007790","9-BR-82D-RJS","RESISTIVIDADE E GAMMA RAY 8"" - AT GD","1.5"
"P00007793","7-SRR-2-RJS","DENSIDADE E NEUTRONS 6 3/4"" - AT PD","1"
"P00007793","7-SRR-2-RJS","DENSIDADE E NEUTRONS 8"" - AT GD","0.8"
"P00007793","7-SRR-2-RJS","DRILLING JAR 6 1/2"" OU 6 3/4""","1"
"P00007793","7-SRR-2-RJS","DRILLING JAR 8"" OU 8 1/4""","1.5"
"P00007793","7-SRR-2-RJS","ESTABILIZADOR 26""","1.5"
"P00007793","7-SRR-2-RJS","HOLE OPENER 42""","0.5"
"P00007793","7-SRR-2-RJS","MOTOR EXTRA TORQUE 6 3/4"" - AT PD","0.4"
"P00007793","7-SRR-2-RJS","MWD 6 3/4"" - AT PD","1.2"
"P00007793","7-SRR-2-RJS","MWD 8"" - AT GD","1.5"
"P00007793","7-SRR-2-RJS","PWD 6 3/4"" - AT PD","1.2"
"P00007793","7-SRR-2-RJS","PWD 8"" - AT GD","1.5"
"P00007793","7-SRR-2-RJS","RESISTIVIDADE E GAMMA RAY 6 3/4"" - AT PD","1.2"
"P00007793","7-SRR-2-RJS","RESISTIVIDADE E GAMMA RAY 8"" - AT GD","1.5"
