"","h0","h1","h2","h3","h4","h5","h6","h7","h8","h9","h10","h11","h12","h13","h14","h15","h16","h17","h18","h19","h20","h21","h22","h23","h24","h25","h26","h27","h28","h29","h30","h31","h32","h33","h34","h35","h36","h37","h38","h39","h40","h41","h42","h43","h44","h45","h46","h47","h48","h49","h50","h51","h52","h53","h54","h55","h56","h57","h58","h59","h60","h61","h62","h63","h64","h65","h66","h67","h68","h69","h70","h71","h72","h73","h74","h75","h76","h77","h78","h79","h80","h81","h82","h83","h84","h85","h86","h87","h88","h89","h90","h91","h92","h93","h94","h95","h96","h97","h98","h99","h100","h101","h102","h103","h104","h105","h106","h107","h108","h109","h110","h111","h112","h113","h114","h115","h116","h117","h118","h119","h120","h121","h122","h123","h124","h125","h126","h127","h128","h129","h130","h131","h132","h133","h134","h135","h136","h137","h138","h139","h140","h141","h142","h143","h144","h145","h146","h147","h148","h149","h150","h151","h152","h153","h154","h155","h156","h157","h158","h159","h160","h161","h162","h163","h164","h165","h166","h167","h168","h169","h170","h171","h172","h173","h174","h175","h176","h177","h178","h179","h180","h181","h182","h183","h184","h185","h186","h187","h188","h189","h190","h191","h192","h193","h194","h195","h196","h197","h198","h199","h200","h201","h202","h203","h204","h205","h206","h207","h208","h209","h210","h211","h212","h213","h214","h215","h216","h217","h218","h219","h220","h221","h222","h223","h224","h225","h226","h227","h228","h229","h230","h231","h232","h233","h234","h235","h236","h237","h238","h239","h240","h241","h242","h243","h244","h245","h246","h247","h248","h249","h250","h251"
"r0","0","0","0","0","0","0","0","0","0","0","1","0","0","0","0","0","0","0","0","0","0","0","0","0","0","0","0","0","0","0","0","0","0","0","0","0","0","0","0","0","0","0","0","0","0","0","0","0","0","0","0","0","0","0","0","0","0","0","0","0","1","0","0","0","0","0","0","0","0","0","0","0","0","0","0","0","0","0","0","0","0","0","0","0","0","0","0","0","0","0","0","0","0","0","0","0","0","0","0","0","0","0","0","0","0","0","0","0","0","0","0","0","0","0","0","0","0","0","0","0","0","0","0","0","0","0","0","0","0","0","0","0","0","0","0","0","0","0","0","0","0","0","0","0","0","0","0","0","0","0","0","0","0","0","0","0","0","0","0","0","0","0","0","0","0","0","0","0","0","0","0","0","0","0","0","0","0","0","0","0","0","0","0","0","0","0","0","0","0","0","0","0","0","0","0","0","0","0","0","0","0","0","0","0","0","0","0","0","0","0","0","0","0","0","0","0","0","0","0","0","0","0","0","0","0","0","0","0","0","0","0","0","0","0","0","0","0","0","0","0","0","0","0","0","0","0","0","0","0","0","0","0"
"r1","1","1","1","1","1","1","1","1","1","1","1","1","1","1","0","1","0","0","0","0","1","0","1","1","1","1","2","0","0","1","1","1","1","1","0","1","1","1","1","1","1","1","1","0","0","0","1","1","1","0","0","0","1","0","1","0","1","1","1","1","1","1","1","1","1","1","0","1","0","0","1","0","0","1","1","1","0","0","1","0","1","1","1","0","1","0","1","0","0","1","1","1","0","1","0","1","0","0","1","1","1","1","1","0","0","1","1","1","3","1","1","1","0","0","0","0","0","1","1","0","1","1","1","1","0","0","0","0","1","0","0","1","0","1","1","0","0","0","0","1","0","1","0","1","0","0","1","1","0","0","1","0","1","1","0","1","1","1","1","0","1","0","0","0","0","1","1","1","0","1","0","0","1","1","1","0","1","1","1","1","0","0","0","0","0","0","0","0","0","0","0","0","1","3","1","3","1","1","1","1","1","3","0","1","3","0","0","0","1","1","1","1","1","1","0","1","0","1","1","1","1","2","1","1","1","0","1","1","1","1","0","1","1","1","0","1","1","1","0","1","1","0","0","0","0","0","0","0","1","0","1","0"
"r2","1.6","0.8","1.6","0.8","1.6","0.8","2.4","0.8","1.6","0.8","2.4","0.8","0.8","0.8","0.8","0","0.8","0.8","0.8","0.8","1.6","1.6","0","0","0","0","0","1.6","0.8","0.8","0","0.8","0","0","0.8","0","0","0","0","0.8","0.8","0.8","0.8","0.8","0.8","0","0","0","0","1.6","1.6","0.8","0","0","0","0.8","0","0","0","2.4","0.8","3.2","0.8","0.8","0.8","1.6","0.8","0","0.8","2.4","1.6","1.6","1.6","0.8","0.8","0","0.8","1.6","1.6","0.8","0.8","0","0","0.8","0","0.8","0","0","1.6","0","0","0","0.8","0","0.8","0.8","0","2.4","0","0","0","0","0.8","0.8","0.8","0","1.6","0.8","0.8","1.6","0.8","0.8","0.8","0.8","1.6","0","1.6","0.8","0","0","0","0","0.8","1.6","0.8","0.8","0.8","1.6","1.6","0.8","0.8","0.8","0","0.8","0.8","0","1.6","0.8","0.8","0","0","0.8","0.8","1.6","0.8","0","1.6","0.8","0.8","0.8","0.8","0","0.8","0.8","0","0.8","0.8","0.8","0.8","0","1.6","1.6","0","0","0","0.8","0.8","0.8","0.8","0.8","0.8","0","0.8","0.8","0","0.8","0.8","0.8","0.8","0.8","0","0","0","0","0","0","0","0","0","0","0","0","0.8","0.8","1.6","0.8","0.8","1.6","0","0.8","0.8","0.8","0","0.8","0.8","0","0","0","1.6","0","0.8","0.8","0","0.8","0.8","1.6","1.6","0","0.8","1.6","1.6","0.8","0.8","1.6","1.6","0.8","0.8","0.8","1.6","1.6","0","0","1.6","0","1.6","0.8","1.6","0","0","0.8","0.8","1.6","2.4","2.4","1.6","1.6","0.8","0.8","0.8","0","1.6","0.8"
"r3","0","0","0","0","0","0","0","0","0","0","1","0","0","0","0","0","0","0","0","0","0","0","0","0","0","0","0","0","0","0","0","0","0","0","0","0","0","0","0","0","0","0","0","0","0","0","0","0","0","0","0","0","0","0","0","0","0","0","0","0","1","0","0","0","0","0","0","0","0","0","0","0","0","0","0","0","0","0","0","0","0","0","0","0","0","0","0","0","0","0","0","0","0","0","0","0","0","0","0","0","0","0","0","0","0","0","0","0","0","0","0","0","0","0","0","0","0","0","0","0","0","0","0","0","0","0","0","0","0","0","0","0","1","0","0","0","0","0","0","0","0","0","0","0","0","0","0","0","0","0","0","0","0","0","0","0","0","0","0","0","0","0","0","0","0","0","0","0","0","0","0","0","0","0","0","0","0","0","0","0","0","0","0","0","0","0","1","0","1","0","0","1","0","0","0","0","0","0","0","0","0","0","0","0","0","1","1","1","0","0","0","0","0","0","0","0","0","0","0","0","0","0","0","0","0","0","0","0","0","0","0","0","0","0","0","0","0","0","0","0","0","0","0","0","0","0","0","0","0","0","0","0"
"r4","1","1","1","1","1","1","1","1","1","1","1","1","1","1","0","1","0","0","0","0","1","0","1","1","1","1","2","0","0","1","1","1","1","1","0","1","1","1","1","1","1","1","1","0","0","0","1","1","1","0","0","0","1","0","1","0","1","1","1","1","1","1","1","1","1","1","0","1","0","0","1","0","0","1","1","1","0","0","1","0","1","1","1","0","1","0","1","0","0","1","1","1","0","1","0","1","0","0","1","1","1","1","1","0","0","1","1","1","3","1","1","1","0","0","0","0","0","1","1","0","1","1","1","1","0","0","0","0","1","0","0","1","1","1","1","0","0","0","0","1","1","1","0","1","0","0","1","1","0","0","1","1","1","1","0","1","1","1","1","1","1","0","1","0","1","1","1","1","0","1","0","1","1","1","1","0","1","1","1","1","1","0","1","0","1","1","1","1","1","1","1","1","1","3","1","3","1","1","1","1","1","3","0","1","3","1","1","1","1","1","1","1","1","1","0","1","0","1","1","1","1","2","1","1","1","0","1","1","1","1","1","1","1","1","0","1","1","1","1","1","1","0","0","0","0","0","0","0","1","0","1","0"
"r5","3.3","2.2","3.3","2.2","3.3","3.3","9.9","3.3","4.4","3.3","8.8","4.4","4.4","5.5","4.4","4.4","4.4","4.4","4.4","4.4","5.5","5.5","4.4","4.4","4.4","4.4","3.3","5.5","4.4","5.5","0","4.4","3.3","3.3","1.1","3.3","3.3","3.3","3.3","5.5","5.5","5.5","2.2","4.4","4.4","2.2","3.3","4.4","4.4","5.5","6.6","4.4","4.4","3.3","3.3","4.4","4.4","4.4","4.4","9.9","7.7","9.9","3.3","2.2","4.4","5.5","5.5","4.4","4.4","8.8","5.5","2.2","5.5","4.4","4.4","0","2.2","6.6","5.5","3.3","4.4","4.4","3.3","4.4","3.3","5.5","3.3","4.4","6.6","4.4","3.3","4.4","3.3","3.3","4.4","3.3","3.3","6.6","3.3","3.3","3.3","3.3","3.3","5.5","5.5","4.4","8.8","4.4","4.4","3.3","4.4","4.4","3.3","2.2","6.6","4.4","5.5","4.4","4.4","1.1","3.3","3.3","2.2","3.3","5.5","5.5","4.4","5.5","5.5","3.3","3.3","4.4","6.6","4.4","4.4","1.1","6.6","5.5","5.5","3.3","5.5","4.4","3.3","5.5","4.4","4.4","5.5","3.3","3.3","3.3","3.3","1.1","6.6","6.6","2.2","6.6","6.6","6.6","6.6","4.4","5.5","3.3","4.4","4.4","4.4","4.4","6.6","6.6","5.5","6.6","4.4","4.4","4.4","4.4","3.3","4.4","4.4","4.4","4.4","4.4","5.5","5.5","5.5","1.1","5.5","0","5.5","5.5","5.5","5.5","5.5","5.5","3.3","4.4","4.4","4.4","3.3","6.6","3.3","3.3","3.3","4.4","1.1","4.4","4.4","5.5","5.5","5.5","5.5","3.3","4.4","4.4","3.3","3.3","3.3","5.5","6.6","5.5","2.2","3.3","4.4","2.2","4.4","4.4","4.4","3.3","4.4","1.1","4.4","4.4","6.6","3.3","4.4","3.3","6.6","5.5","4.4","3.3","4.4","4.4","4.4","5.5","6.6","6.6","3.3","3.3","6.6","6.6","1.1","1.1","5.5","5.5"
"r6","0","0","0","0","0","1.5","0","1.5","1.5","1.5","0","3","3","0","1.5","1.5","1.5","1.5","1.5","1.5","3","3","1.5","3","3","3","0","3","1.5","0","0","3","1.5","1.5","0","1.5","1.5","1.5","1.5","0","0","0","0","1.5","1.5","1.5","1.5","1.5","1.5","3","1.5","3","1.5","1.5","1.5","1.5","3","3","1.5","0","0","0","0","0","3","3","0","1.5","1.5","0","3","0","1.5","1.5","1.5","0","0","0","3","0","1.5","1.5","1.5","1.5","1.5","0","1.5","1.5","0","1.5","1.5","1.5","0","1.5","3","1.5","1.5","1.5","1.5","1.5","1.5","1.5","0","0","0","1.5","0","1.5","1.5","0","1.5","3","0","0","0","1.5","1.5","3","1.5","1.5","1.5","1.5","0","0","0","0","1.5","3","3","1.5","1.5","3","0","3","1.5","0","0","1.5","0","1.5","0","3","0","3","1.5","0","1.5","0","1.5","1.5","1.5","0","0","0","0","0","0","0","0","0","3","0","0","1.5","3","3","0","0","0","0","3","0","1.5","1.5","1.5","1.5","1.5","1.5","1.5","1.5","0","0","0","0","0","0","0","0","0","0","0","0","1.5","1.5","0","1.5","1.5","0","0","1.5","1.5","1.5","0","1.5","1.5","0","0","0","3","1.5","1.5","1.5","1.5","1.5","0","3","0","0","0","0","0","0","3","0","0","0","1.5","0","0","0","0","1.5","0","1.5","0","0","0","3","1.5","3","3","3","1.5","1.5","0","0","0","0","0","0","3","0"
"r7","0","0","0","0","0","0","3","0","0","0","3","0","0","3","1.5","1.5","1.5","1.5","1.5","1.5","0","0","0","0","0","0","0","0","1.5","1.5","0","0","0","0","0","0","0","0","0","1.5","1.5","1.5","0","0","0","0","0","0","0","0","0","0","0","0","0","0","0","0","0","3","3","3","0","0","0","0","3","0","0","1.5","0","0","0","0","0","0","0","1.5","0","0","0","0","0","1.5","0","1.5","0","0","3","0","0","0","0","0","0","0","0","0","0","0","0","0","0","1.5","1.5","0","3","0","0","0","0","0","0","0","1.5","0","0","0","1.5","0","0","0","0","0","1.5","1.5","0","0","0","0","0","0","1.5","0","0","0","3","0","1.5","1.5","3","0","0","0","0","3","1.5","0","0","0","0","0","1.5","1.5","1.5","1.5","1.5","1.5","1.5","0","0","0","0","0","0","0","1.5","1.5","3","1.5","0","0","0","0","0","0","0","0","0","0","1.5","3","1.5","0","1.5","0","3","3","3","3","3","3","0","0","0","0","0","3","0","0","0","0","0","0","0","3","3","3","0","0","0","0","0","0","0","0","1.5","1.5","0","0","0","0","0","0","0","0","0","0","0","0","1.5","0","0","0","1.5","1.5","0","0","1.5","0","0","0","0","0","0","0","1.5","1.5","0","0","0","1.5"
"r8","0","0","0","0","0","0","0","0.5","0","0.5","0","0.5","0.5","0","0","0","0","0","0","0","0.5","0.5","0","0.5","0.5","0.5","0","0.5","0","0","0","0","0","0","0","0","0","0","0","0","0","0","0","0","0","0","0","0","0","0.5","0","0.5","0","0","0","0","0.5","0.5","0","0","0","0","0","0","0","0.5","0","0","0","0","0.5","0","0","0","0","0","0","0","0.5","0","0","0","0","0","0","0","0","0","0","0","0","0","0","0","0.5","0.5","0","0","0","0","0","0","0","0","0","0","0","0","0","0","0","0.5","0","0","0","0","0","0.5","0","0.5","0","0","0","0","0","0","0","0.5","0.5","0.5","0.5","0.5","0","0.5","0","0","0","0","0","0","0","0.5","0","0.5","0","0","0","0","0","0","0","0","0","0","0","0","0","0","0","0","0.5","0","0","0","0.5","0","0","0","0","0","0.5","0","0","0","0","0","0","0","0","0","0","0","0","0","0","0","0","0","0","0","0","0","0","0","0","0","0","0","0","0","0","0","0","0","0","0","0","0","0.5","0","0","0","0","0","0","0.5","0","0","0","0","0","0","0","0","0","0","0","0","0","0","0","0","0","0","0","0","0","0.5","0","0.5","0.5","0.5","0","0","0","0","0","0","0","0","0.5","0"
"r9","0","0","0","0","0","0","0.5","0","0","0","0.5","0","0","0.5","0.5","0.5","0.5","0.5","0.5","0.5","0","0","0.5","0","0","0","0","0","0.5","0.5","0","0.5","0.5","0.5","0","0.5","0.5","0.5","0.5","0.5","0.5","0.5","0","0.5","0.5","0.5","0.5","0.5","0.5","0","0.5","0","0.5","0.5","0.5","0.5","0","0","0.5","0.5","0.5","0.5","0","0","0.5","0","0.5","0.5","0.5","0.5","0","0","0.5","0.5","0.5","0","0","0.5","0","0","0.5","0.5","0","0.5","0.5","0.5","0.5","0.5","0.5","0.5","0.5","0.5","0","0.5","0","0","0.5","0","0.5","0.5","0.5","0.5","0","0.5","0.5","0.5","0.5","0","0","0","0.5","0","0","0","0.5","0.5","0.5","0","0.5","0","0.5","0.5","0","0","0.5","0.5","0","0","0","0","0","0","0.5","0","0","0","0.5","0.5","0.5","0.5","0.5","0","0","0","0.5","0.5","0.5","0","0","0","0","0","0.5","0.5","0.5","0.5","0.5","0.5","0.5","0","0","0","0","0","0","0.5","0.5","0.5","0.5","0.5","0","0","0.5","0.5","0.5","0.5","0.5","0.5","0.5","0.5","0.5","0.5","0.5","0","0.5","0","0.5","0.5","0.5","0.5","0.5","0.5","0","0","0","0","0","0.5","0","0","0","0","0.5","0","0","0.5","0.5","0.5","0","0.5","0","0.5","0.5","0","0","0","0.5","0.5","0","0","0","0","0.5","0","0","0","0","0","0","0","0.5","0.5","0","0.5","0.5","0.5","0","0","0.5","0","0","0","0","0","0","0","0.5","0.5","0","0","0","0.5"
"r10","2.4","1.6","2.4","1.6","2.4","2.4","2.4","0.8","3.2","0.8","2.4","1.6","3.2","2.4","0.8","0.8","0.8","0.8","0.8","0.8","0.8","0.8","0.8","0.8","0.8","0.8","0.8","1.6","0.8","2.4","0","3.2","0.8","0.8","0","0.8","0.8","0.8","0.8","2.4","2.4","2.4","1.6","0.8","0.8","0.8","0.8","0.8","0.8","0.8","0.8","0.8","0.8","0.8","0.8","0.8","0.8","0.8","0.8","2.4","2.4","2.4","0","0","1.6","0.8","0.8","0.8","0.8","2.4","0.8","0","0.8","3.2","3.2","0","0","0.8","0.8","0","0.8","0.8","0.8","0.8","0.8","0.8","0.8","0.8","0.8","0.8","0.8","0.8","0","0.8","1.6","0.8","0.8","1.6","0.8","0.8","0.8","0.8","2.4","0.8","0.8","0.8","2.4","3.2","3.2","0","0.8","2.4","0.8","1.6","0.8","0.8","0.8","1.6","0.8","0.8","0.8","0.8","0.8","0.8","0.8","0.8","0.8","0.8","0.8","0.8","0.8","1.6","2.4","1.6","3.2","0","0.8","0.8","0.8","0.8","2.4","0.8","0.8","0.8","0.8","0.8","0.8","2.4","2.4","2.4","2.4","0","2.4","2.4","0.8","2.4","2.4","2.4","2.4","0.8","1.6","0.8","0.8","1.6","1.6","1.6","2.4","2.4","0.8","1.6","1.6","0.8","1.6","1.6","1.6","1.6","1.6","1.6","1.6","1.6","2.4","2.4","2.4","0","2.4","0","2.4","2.4","2.4","2.4","2.4","2.4","2.4","3.2","1.6","3.2","2.4","0.8","0.8","2.4","2.4","3.2","0.8","1.6","3.2","2.4","2.4","2.4","0.8","0.8","1.6","0.8","0.8","2.4","0.8","0.8","0.8","0.8","1.6","2.4","1.6","1.6","1.6","1.6","1.6","1.6","0.8","0","1.6","3.2","2.4","0.8","1.6","0.8","0.8","2.4","1.6","0.8","1.6","3.2","3.2","0.8","1.6","1.6","0.8","0.8","1.6","1.6","0.8","0.8","0.8","0.8"
"r11","0","0","0","0","0","0","0","0","0","0","0","0","0","0","0","0","0","0","0","0","0","0","0","0","0","0","0","0","0","0","0","0","0","0","0","0","0","0","0","0","0","0","0","0","0","0","0","0","0","0","0","0","0","0","0","0","0","0","0","0","0","0","0","0","0","0","0","0","0","0","0","0","0","0","0","0","0","0","0","0","0","0","0","0","0","0","0","0","0","0","0","0","0","0","0","0","0","0","0","0","0","0","0","0","0","0","0","0","0","0","0","0","0","0","0","0","0","0","0","0","0","0","0","0","0","0","0","0","0","0","0","0","1","0","0","0","0","0","0","0","1","0","0","0","0","0","0","0","0","0","0","0","0","0","0","0","0","0","0","0","0","0","0","0","0","0","0","0","0","0","0","0","0","0","0","0","0","0","0","0","1","1","1","0","1","0","1","1","1","1","1","1","0","0","0","0","0","0","0","0","0","0","0","0","0","1","1","1","0","0","0","0","0","0","0","0","0","0","0","0","0","0","0","0","0","0","0","0","0","0","0","0","0","0","0","0","0","0","1","0","0","0","0","0","0","0","0","0","0","0","0","0"
"r12","0","0","0","0","0","0","0","0","0","0","1","0","0","0","0","0","0","0","0","0","0","0","0","0","0","0","0","0","0","0","0","0","0","0","0","0","0","0","0","0","0","0","0","0","0","0","0","0","0","0","0","0","0","0","0","0","0","0","0","0","1","0","0","0","0","0","0","0","0","0","0","0","0","0","0","0","0","0","0","0","0","0","0","0","0","0","0","0","0","0","0","0","0","0","0","0","0","0","0","0","0","0","0","0","0","0","0","0","0","0","0","0","0","0","0","0","0","0","0","0","0","0","0","0","0","0","0","0","0","0","0","0","1","0","0","0","0","0","0","0","0","0","0","0","0","0","0","0","0","0","0","0","0","0","0","0","0","0","0","0","0","0","0","0","0","0","0","0","0","0","0","0","0","0","0","0","0","0","0","0","0","0","0","0","0","0","1","0","1","0","0","1","0","0","0","0","0","0","0","0","0","0","0","0","0","1","1","1","0","0","0","0","0","0","0","0","0","0","0","0","0","0","0","0","0","0","0","0","0","0","0","0","0","0","0","0","0","0","0","0","0","0","0","0","0","0","0","0","0","0","0","0"
"r13","0.4","0.4","0.4","0.4","0.4","0.4","0.4","0.4","0.4","0.4","0.4","0.4","0.4","0.4","0","0.4","0","0","0","0","0.4","0","0.4","0.4","0.4","0.4","0.8","0","0","0.4","0.4","0.4","0.4","0.4","0","0.4","0.4","0.4","0.4","0.4","0.4","0.4","0.4","0","0","0","0.4","0.4","0.4","0","0","0","0.4","0","0.4","0","0.4","0.4","0.4","0.4","0.4","0.4","0.4","0.4","0.4","0.4","0","0.4","0","0","0.4","0","0","0.4","0.4","0.4","0","0","0.4","0","0.4","0.4","0.4","0","0.4","0","0.4","0","0","0.4","0.4","0.4","0","0.4","0","0.4","0","0","0.4","0.4","0.4","0.4","0.4","0","0","0.4","0.4","0.4","1.2","0.4","0.4","0.4","0","0","0","0","0","0.4","0.4","0","0.4","0.4","0.4","0.4","0","0","0","0","0.4","0","0","0.4","0.4","0.4","0.4","0","0","0","0","0.4","0.4","0.4","0","0.4","0","0","0.4","0.4","0","0","0.4","0.4","0.4","0.4","0","0.4","0.4","0.4","0.4","0.4","0.4","0","0.4","0","0.4","0.4","0.4","0.4","0","0.4","0","0.4","0.4","0.4","0.4","0","0.4","0.4","0.4","0.4","0.4","0","0.4","0","0.4","0.4","0.4","0.4","0.4","0.4","0.4","0.4","0.4","1.2","0.4","1.2","0.4","0.4","0.4","0.4","0.4","1.2","0","0.4","1.2","0.4","0.4","0.4","0.4","0.4","0.4","0.4","0.4","0.4","0","0.4","0","0.4","0.4","0.4","0.4","0.8","0.4","0.4","0.4","0","0.4","0.4","0.4","0.4","0.4","0.4","0.4","0.4","0","0.4","0.4","0.4","0.4","0.4","0.4","0","0","0","0","0","0","0","0.4","0","0.4","0"
"r14","0","0","0","0","0","0","3.6","1.2","0","1.2","3","1.2","0","1.2","1.2","1.2","1.2","1.2","1.2","1.2","1.8","1.8","1.2","1.2","1.2","1.2","0.6","1.8","1.2","1.2","0","0","0.6","0.6","0.6","0.6","0.6","0.6","0.6","1.2","1.2","1.2","0","1.2","1.2","0","0.6","1.2","1.2","1.8","2.4","1.2","1.2","0.6","0.6","1.2","1.2","1.2","1.2","3.6","2.4","3.6","1.2","1.2","1.2","1.8","1.2","1.2","1.2","3","1.8","1.2","1.8","0","0","0","1.2","1.8","1.8","1.2","1.2","1.2","0.6","1.2","0.6","1.2","0.6","1.2","1.8","1.2","0.6","1.2","1.2","0.6","1.2","1.2","0.6","2.4","0.6","0.6","0.6","0.6","0","1.2","1.2","1.2","2.4","0","0","0","1.2","0.6","1.2","0","1.8","1.2","1.8","1.2","1.2","0","0.6","0.6","0.6","1.2","1.2","1.2","1.2","1.8","1.8","1.2","1.2","1.2","1.8","1.2","0","0.6","1.8","1.8","1.2","0.6","1.2","1.2","1.2","1.8","1.2","0.6","1.8","0","0","0","0","0.6","1.2","1.2","0","1.2","1.2","1.2","1.2","1.8","1.2","1.2","1.8","1.2","1.2","1.2","1.2","1.2","1.2","1.8","1.2","1.8","1.2","1.2","0.6","1.2","1.2","1.2","1.2","1.2","1.2","1.2","1.2","0.6","1.2","0","1.2","1.2","1.2","1.2","1.2","1.2","0","0","1.2","0","0","1.8","1.2","0","0","0","0","1.2","0","1.2","1.2","1.2","1.8","0.6","1.2","1.2","0.6","0","1.2","1.8","1.8","1.2","0","0","1.2","0","1.2","1.2","1.2","0.6","1.2","0.6","1.2","0","1.8","0.6","1.2","0.6","1.8","1.2","1.2","0.6","0.6","0","0","1.8","2.4","2.4","1.2","1.2","0.6","0.6","0","0","1.8","1.2"
"r15","0","0","0","0","0","0","0","0","0","0","1","0","0","0","0","0","0","0","0","0","0","0","0","0","0","0","0","0","0","0","0","0","0","0","0","0","0","0","0","0","0","0","0","0","0","0","0","0","0","0","0","0","0","0","0","0","0","0","0","0","1","0","0","0","0","0","0","0","0","0","0","0","0","0","0","0","0","0","0","0","0","0","0","0","0","0","0","0","0","0","0","0","0","0","0","0","0","0","0","0","0","0","0","0","0","0","0","0","0","0","0","0","0","0","0","0","0","0","0","0","0","0","0","0","0","0","0","0","0","0","0","0","1","0","0","0","0","0","0","0","0","0","0","0","0","0","0","0","0","0","0","0","0","0","0","0","0","0","0","0","0","0","0","0","0","0","0","0","0","0","0","0","0","0","0","0","0","0","0","0","0","0","0","0","0","0","1","0","1","0","0","1","0","0","0","0","0","0","0","0","0","0","0","0","0","1","1","1","0","0","0","0","0","0","0","0","0","0","0","0","0","0","0","0","0","0","0","0","0","0","0","0","0","0","0","0","0","0","0","0","0","0","0","0","0","0","0","0","0","0","0","0"
"r16","1.2","1.2","1.2","1.2","1.2","1.2","1.2","1.2","1.2","1.2","1.2","1.2","1.2","1.2","0","1.2","0","0","0","0","1.2","0","1.2","1.2","1.2","1.2","2.4","0","0","1.2","1.2","1.2","1.2","1.2","0","1.2","1.2","1.2","1.2","1.2","1.2","1.2","1.2","0","0","0","1.2","1.2","1.2","0","0","0","1.2","0","1.2","0","1.2","1.2","1.2","1.2","1.2","1.2","1.2","1.2","1.2","1.2","0","1.2","0","0","1.2","0","0","1.2","1.2","1.2","0","0","1.2","0","1.2","1.2","1.2","0","1.2","0","1.2","0","0","1.2","1.2","1.2","0","1.2","0","1.2","0","0","1.2","1.2","1.2","1.2","1.2","0","0","1.2","1.2","1.2","3.6","1.2","1.2","1.2","0","0","0","0","0","1.2","1.2","0","1.2","1.2","1.2","1.2","0","0","0","0","1.2","0","0","1.2","1.2","1.2","1.2","0","0","0","0","1.2","1.2","1.2","0","1.2","0","0","1.2","1.2","0","0","1.2","1.2","1.2","1.2","0","1.2","1.2","1.2","1.2","1.2","1.2","0","1.2","0","1.2","1.2","1.2","1.2","0","1.2","0","1.2","1.2","1.2","1.2","0","1.2","1.2","1.2","1.2","1.2","0","1.2","0","1.2","1.2","1.2","1.2","1.2","1.2","1.2","1.2","1.2","3.6","1.2","3.6","1.2","1.2","1.2","1.2","1.2","3.6","0","1.2","3.6","1.2","1.2","1.2","1.2","1.2","1.2","1.2","1.2","1.2","0","1.2","0","1.2","1.2","1.2","1.2","2.4","1.2","1.2","1.2","0","1.2","1.2","1.2","1.2","1.2","1.2","1.2","1.2","0","1.2","1.2","1.2","1.2","1.2","1.2","0","0","0","0","0","0","0","1.2","0","1.2","0"
"r17","4.5","3","4.5","3","4.5","4.5","13.5","4.5","6","4.5","12","6","6","7.5","6","6","6","6","6","6","7.5","7.5","6","6","6","6","4.5","7.5","6","7.5","0","6","4.5","4.5","1.5","4.5","4.5","4.5","4.5","7.5","7.5","7.5","3","6","6","3","4.5","6","6","7.5","9","6","6","4.5","4.5","6","6","6","6","13.5","10.5","13.5","4.5","3","6","7.5","7.5","6","6","12","7.5","3","7.5","6","6","0","3","9","7.5","4.5","6","6","4.5","6","4.5","7.5","4.5","6","9","6","4.5","6","4.5","4.5","6","4.5","4.5","9","4.5","4.5","4.5","4.5","4.5","7.5","7.5","6","12","6","6","4.5","6","6","4.5","3","9","6","7.5","6","6","1.5","4.5","4.5","3","4.5","7.5","7.5","6","7.5","7.5","4.5","4.5","6","9","6","6","1.5","9","7.5","7.5","4.5","7.5","6","4.5","7.5","6","6","7.5","4.5","4.5","4.5","4.5","1.5","9","9","3","9","9","9","9","6","7.5","4.5","6","6","6","6","9","9","7.5","9","6","6","6","6","4.5","6","6","6","6","6","7.5","7.5","7.5","1.5","7.5","0","7.5","7.5","7.5","7.5","7.5","7.5","4.5","6","6","6","4.5","9","4.5","4.5","4.5","6","1.5","6","6","7.5","7.5","7.5","7.5","4.5","6","6","4.5","4.5","4.5","7.5","9","7.5","3","4.5","6","3","6","6","6","4.5","6","1.5","6","6","9","4.5","6","4.5","9","7.5","6","4.5","6","6","6","7.5","9","9","4.5","4.5","9","9","1.5","1.5","7.5","7.5"
"r18","0","0","0","0","0","0","0","0","0","0","1","0","0","0","0","0","0","0","0","0","0","0","0","0","0","0","0","0","0","0","0","0","0","0","0","0","0","0","0","0","0","0","0","0","0","0","0","0","0","0","0","0","0","0","0","0","0","0","0","0","1","0","0","0","0","0","0","0","0","0","0","0","0","0","0","0","0","0","0","0","0","0","0","0","0","0","0","0","0","0","0","0","0","0","0","0","0","0","0","0","0","0","0","0","0","0","0","0","0","0","0","0","0","0","0","0","0","0","0","0","0","0","0","0","0","0","0","0","0","0","0","0","1","0","0","0","0","0","0","0","0","0","0","0","0","0","0","0","0","0","0","0","0","0","0","0","0","0","0","0","0","0","0","0","0","0","0","0","0","0","0","0","0","0","0","0","0","0","0","0","0","0","0","0","0","0","1","0","1","0","0","1","0","0","0","0","0","0","0","0","0","0","0","0","0","1","1","1","0","0","0","0","0","0","0","0","0","0","0","0","0","0","0","0","0","0","0","0","0","0","0","0","0","0","0","0","0","0","0","0","0","0","0","0","0","0","0","0","0","0","0","0"
"r19","1.2","1.2","1.2","1.2","1.2","1.2","1.2","1.2","1.2","1.2","1.2","1.2","1.2","1.2","0","1.2","0","0","0","0","1.2","0","1.2","1.2","1.2","1.2","2.4","0","0","1.2","1.2","1.2","1.2","1.2","0","1.2","1.2","1.2","1.2","1.2","1.2","1.2","1.2","0","0","0","1.2","1.2","1.2","0","0","0","1.2","0","1.2","0","1.2","1.2","1.2","1.2","1.2","1.2","1.2","1.2","1.2","1.2","0","1.2","0","0","1.2","0","0","1.2","1.2","1.2","0","0","1.2","0","1.2","1.2","1.2","0","1.2","0","1.2","0","0","1.2","1.2","1.2","0","1.2","0","1.2","0","0","1.2","1.2","1.2","1.2","1.2","0","0","1.2","1.2","1.2","3.6","1.2","1.2","1.2","0","0","0","0","0","1.2","1.2","0","1.2","1.2","1.2","1.2","0","0","0","0","1.2","0","0","1.2","1.2","1.2","1.2","0","0","0","0","1.2","1.2","1.2","0","1.2","0","0","1.2","1.2","0","0","1.2","1.2","1.2","1.2","0","1.2","1.2","1.2","1.2","1.2","1.2","0","1.2","0","1.2","1.2","1.2","1.2","0","1.2","0","1.2","1.2","1.2","1.2","0","1.2","1.2","1.2","1.2","1.2","0","1.2","0","1.2","1.2","1.2","1.2","1.2","1.2","1.2","1.2","1.2","3.6","1.2","3.6","1.2","1.2","1.2","1.2","1.2","3.6","0","1.2","3.6","1.2","1.2","1.2","1.2","1.2","1.2","1.2","1.2","1.2","0","1.2","0","1.2","1.2","1.2","1.2","2.4","1.2","1.2","1.2","0","1.2","1.2","1.2","1.2","1.2","1.2","1.2","1.2","0","1.2","1.2","1.2","1.2","1.2","1.2","0","0","0","0","0","0","0","1.2","0","1.2","0"
"r20","4.5","3","4.5","3","4.5","4.5","13.5","4.5","6","4.5","12","6","6","7.5","6","6","6","6","6","6","7.5","7.5","6","6","6","6","4.5","7.5","6","7.5","0","6","4.5","4.5","1.5","4.5","4.5","4.5","4.5","7.5","7.5","7.5","3","6","6","3","4.5","6","6","7.5","9","6","6","4.5","4.5","6","6","6","6","13.5","10.5","13.5","4.5","3","6","7.5","7.5","6","6","12","7.5","3","7.5","6","6","0","3","9","7.5","4.5","6","6","4.5","6","4.5","7.5","4.5","6","9","6","4.5","6","4.5","4.5","6","4.5","4.5","9","4.5","4.5","4.5","4.5","4.5","7.5","7.5","6","12","6","6","4.5","6","6","4.5","3","9","6","7.5","6","6","1.5","4.5","4.5","3","4.5","7.5","7.5","6","7.5","7.5","4.5","4.5","6","9","6","6","1.5","9","7.5","7.5","4.5","7.5","6","4.5","7.5","6","6","7.5","4.5","4.5","4.5","4.5","1.5","9","9","3","9","9","9","9","6","7.5","4.5","6","6","6","6","9","9","7.5","9","6","6","6","6","4.5","6","6","6","6","6","7.5","7.5","7.5","1.5","7.5","0","7.5","7.5","7.5","7.5","7.5","7.5","4.5","6","6","6","4.5","9","4.5","4.5","4.5","6","1.5","6","6","7.5","7.5","7.5","7.5","4.5","6","6","4.5","4.5","4.5","7.5","9","7.5","3","4.5","6","3","6","6","6","4.5","6","1.5","6","6","9","4.5","6","4.5","9","7.5","6","4.5","6","6","6","7.5","9","9","4.5","4.5","9","9","1.5","1.5","7.5","7.5"
"r21","1","1","1","1","1","1","0","0","1","0","0","0","1","0","0","0","0","0","0","0","0","0","0","0","0","0","0","0","0","1","0","0","0","0","0","0","0","0","0","1","1","1","0","0","0","0","0","0","0","0","0","0","0","0","0","0","0","0","0","0","0","1","0","0","0","0","0","0","0","0","0","0","0","1","1","1","0","0","0","0","0","0","0","0","0","0","0","0","0","0","0","0","0","0","0","0","0","0","0","0","0","0","1","0","0","0","0","0","3","0","0","0","0","0","0","0","0","0","0","0","0","0","1","1","0","0","0","0","0","0","0","0","0","0","0","0","0","0","0","0","0","0","0","0","0","0","0","1","0","0","1","1","0","0","0","0","0","0","0","1","1","0","1","0","1","0","0","0","0","0","0","1","0","0","0","0","0","0","0","0","0","0","0","0","0","0","0","0","0","0","0","0","1","3","1","3","1","0","0","1","1","3","0","1","3","0","0","0","0","0","1","0","0","1","0","0","0","0","1","1","1","2","0","1","1","0","0","1","1","1","1","0","1","0","0","1","1","0","0","1","1","0","0","0","0","0","0","0","1","0","0","0"
"r22","0","1","0","1","0","1","0","0","1","0","0","0","0","0","0","0","0","0","0","0","0","0","0","0","0","0","0","0","0","0","0","0","0","0","0","0","0","0","0","0","0","0","0","0","0","0","0","0","0","0","0","0","0","0","0","0","0","0","0","0","0","0","0","0","0","0","0","0","0","0","0","0","0","0","0","0","0","0","0","0","0","0","0","0","0","0","0","0","0","0","0","0","0","0","0","0","0","0","0","0","0","0","1","0","0","0","0","0","3","0","0","0","0","0","0","0","0","0","0","0","0","0","1","1","0","0","0","0","0","0","0","0","0","0","0","0","0","0","0","0","0","0","0","0","0","0","0","1","0","0","1","0","0","0","0","0","0","0","0","1","1","0","1","0","0","0","0","0","0","0","0","1","0","0","0","0","0","0","0","0","0","0","0","0","0","0","0","0","0","0","0","0","1","3","1","3","1","0","0","1","1","3","0","1","3","0","0","0","0","0","1","0","0","1","0","0","0","0","1","1","1","0","0","1","1","0","0","0","1","1","0","0","1","0","0","0","1","0","0","0","0","0","0","0","0","0","0","0","1","0","0","0"
"r23","0","0","0","0","0","0","0","0","0","0","1","0","0","0","0","0","0","0","0","0","0","0","0","0","0","0","0","0","0","0","0","0","0","0","0","0","0","0","0","0","0","0","0","0","0","0","0","0","0","0","0","0","0","0","0","0","0","0","0","0","1","0","0","0","0","0","0","0","0","0","0","0","0","0","0","0","0","0","0","0","0","0","0","0","0","0","0","0","0","0","0","0","0","0","0","0","0","0","0","0","0","0","0","0","0","0","0","0","0","0","0","0","0","0","0","0","0","0","0","0","0","0","0","0","0","0","0","0","0","0","0","0","1","0","0","0","0","0","0","0","0","0","0","0","0","0","0","0","0","0","0","0","0","0","0","0","0","0","0","0","0","0","0","0","0","0","0","0","0","0","0","0","0","0","0","0","0","0","0","0","0","0","0","0","0","0","1","0","1","0","0","1","0","0","0","0","0","0","0","0","0","0","0","0","0","1","1","1","0","0","0","0","0","0","0","0","0","0","0","0","0","0","0","0","0","0","0","0","0","0","0","0","0","0","0","0","0","0","0","0","0","0","0","0","0","0","0","0","0","0","0","0"
"r24","1.2","1.2","1.2","1.2","1.2","1.2","1.2","1.2","1.2","1.2","1.2","1.2","1.2","1.2","0","1.2","0","0","0","0","1.2","0","1.2","1.2","1.2","1.2","2.4","0","0","1.2","1.2","1.2","1.2","1.2","0","1.2","1.2","1.2","1.2","1.2","1.2","1.2","1.2","0","0","0","1.2","1.2","1.2","0","0","0","1.2","0","1.2","0","1.2","1.2","1.2","1.2","1.2","1.2","1.2","1.2","1.2","1.2","0","1.2","0","0","1.2","0","0","1.2","1.2","1.2","0","0","1.2","0","1.2","1.2","1.2","0","1.2","0","1.2","0","0","1.2","1.2","1.2","0","1.2","0","1.2","0","0","1.2","1.2","1.2","1.2","1.2","0","0","1.2","1.2","1.2","3.6","1.2","1.2","1.2","0","0","0","0","0","1.2","1.2","0","1.2","1.2","1.2","1.2","0","0","0","0","1.2","0","0","1.2","1.2","1.2","1.2","0","0","0","0","1.2","1.2","1.2","0","1.2","0","0","1.2","1.2","0","0","1.2","1.2","1.2","1.2","0","1.2","1.2","1.2","1.2","1.2","1.2","0","1.2","0","1.2","1.2","1.2","1.2","0","1.2","0","1.2","1.2","1.2","1.2","0","1.2","1.2","1.2","1.2","1.2","0","1.2","0","1.2","1.2","1.2","1.2","1.2","1.2","1.2","1.2","1.2","3.6","1.2","3.6","1.2","1.2","1.2","1.2","1.2","3.6","0","1.2","3.6","1.2","1.2","1.2","1.2","1.2","1.2","1.2","1.2","1.2","0","1.2","0","1.2","1.2","1.2","1.2","2.4","1.2","1.2","1.2","0","1.2","1.2","1.2","1.2","1.2","1.2","1.2","1.2","0","1.2","1.2","1.2","1.2","1.2","1.2","0","0","0","0","0","0","0","1.2","0","1.2","0"
"r25","4.5","3","4.5","3","4.5","4.5","13.5","4.5","6","4.5","12","6","6","7.5","6","6","6","6","6","6","7.5","7.5","6","6","6","6","4.5","7.5","6","7.5","0","6","4.5","4.5","1.5","4.5","4.5","4.5","4.5","7.5","7.5","7.5","3","6","6","3","4.5","6","6","7.5","9","6","6","4.5","4.5","6","6","6","6","13.5","10.5","13.5","4.5","3","6","7.5","7.5","6","6","12","7.5","3","7.5","6","6","0","3","9","7.5","4.5","6","6","4.5","6","4.5","7.5","4.5","6","9","6","4.5","6","4.5","4.5","6","4.5","4.5","9","4.5","4.5","4.5","4.5","4.5","7.5","7.5","6","12","6","6","4.5","6","6","4.5","3","9","6","7.5","6","6","1.5","4.5","4.5","3","4.5","7.5","7.5","6","7.5","7.5","4.5","4.5","6","9","6","6","1.5","9","7.5","7.5","4.5","7.5","6","4.5","7.5","6","6","7.5","4.5","4.5","4.5","4.5","1.5","9","9","3","9","9","9","9","6","7.5","4.5","6","6","6","6","9","9","7.5","9","6","6","6","6","4.5","6","6","6","6","6","7.5","7.5","7.5","1.5","7.5","0","7.5","7.5","7.5","7.5","7.5","7.5","4.5","6","6","6","4.5","9","4.5","4.5","4.5","6","1.5","6","6","7.5","7.5","7.5","7.5","4.5","6","6","4.5","4.5","4.5","7.5","9","7.5","3","4.5","6","3","6","6","6","4.5","6","1.5","6","6","9","4.5","6","4.5","9","7.5","6","4.5","6","6","6","7.5","9","9","4.5","4.5","9","9","1.5","1.5","7.5","7.5"
"r26","0.7","0.7","0.7","0.7","0.7","0.7","0","0","0.7","0","0","0","0.7","0","0","0.7","0","0","0","0","0.7","0","0.7","0.7","0.7","0.7","1.4","0","0","0","0.7","0","0.7","0.7","0","0.7","0.7","0.7","0.7","0","0","0","0","0","0","0","0.7","0.7","0.7","0","0","0","0.7","0","0.7","0","0.7","0.7","0.7","0","0","0","0","0","0","0.7","0","0.7","0","0","0.7","0","0","0.7","0.7","0.7","0","0","0.7","0","0.7","0.7","0.7","0","0.7","0","0.7","0","0","0.7","0.7","0.7","0","0.7","0","0","0","0","0.7","0.7","0.7","0.7","0.7","0","0","0.7","0.7","0","2.1","0","0.7","0.7","0","0","0","0","0","0","0.7","0","0.7","0.7","0","0","0","0","0","0","0.7","0","0","0","0.7","0","0","0","0","0","0","0.7","0.7","0.7","0","0.7","0","0","0.7","0.7","0","0","0.7","0.7","0.7","0.7","0","0.7","0.7","0.7","0.7","0.7","0","0","0.7","0","0.7","0","0.7","0.7","0","0.7","0","0.7","0","0","0","0","0","0","0","0","0.7","0","0.7","0","0.7","0.7","0.7","0.7","0.7","0.7","0.7","0.7","0.7","2.1","0","2.1","0.7","0.7","0.7","0.7","0.7","2.1","0","0","2.1","0.7","0.7","0.7","0.7","0.7","0","0.7","0.7","0.7","0","0.7","0","0.7","0.7","0.7","0","1.4","0","0","0","0","0.7","0","0","0.7","0.7","0.7","0","0.7","0","0","0","0.7","0.7","0.7","0.7","0","0","0","0","0","0","0","0.7","0","0.7","0"
"r27","0","0","0","0","0","0","0","0","0","0","0","0","0","0","0.7","0","0.7","0.7","0.7","0.7","1.4","1.4","0","0","0","0","0","0","0.7","0","0","0","0","0","0.7","0","0","0","0","0","0","0","0","0.7","0.7","0","0","0","0","1.4","1.4","0.7","0","0","0","0.7","0","0","0","0","0","0","0","0","0","1.4","0.7","0","0.7","0","1.4","1.4","1.4","0","0","0","0","1.4","1.4","0.7","0.7","0","0","0.7","0","0.7","0","0","1.4","0","0","0","0.7","0","0","0","0","0","0","0","0","0","0","0.7","0.7","0","0","0","0","0","0.7","0","0","0","1.4","0","1.4","0","0","0","0","0","0","0","0.7","0.7","0.7","1.4","1.4","0","0","0","0","0","0","0","1.4","0.7","0.7","0","0.7","0.7","0","1.4","0.7","0","1.4","0","0","0","0","0","0","0","0","0","0","0","0","0","0","0","0","0","0","0","0","0","0.7","0","0","0","0","0","0","0","0","0","0","0","0.7","0.7","0.7","0.7","0.7","0","0.7","0.7","0.7","0.7","0.7","0.7","0","0","0","0","0","1.4","0","0","0","0","0","0","0","0.7","0.7","0.7","1.4","0","0","0.7","0","0","0","1.4","1.4","0","0","0","0","0","0","0","0","0","0","0","0","0","0","0","0","0","1.4","0","0","0","0","0","0","1.4","0","0","0","0","0","0","0","0","1.4","0.7"
"r28","1","1","1","1","1","1","0","0","1","0","0","1","1","0","0","0","0","0","0","0","0","0","0","0","0","0","0","0","0","1","0","1","0","0","0","0","0","0","0","1","1","1","1","0","0","0","0","0","0","0","0","0","0","0","0","0","0","0","0","0","0","1","1","0","0","0","0","0","0","0","0","0","0","1","1","1","0","0","0","0","0","0","0","0","0","0","0","0","0","0","0","0","0","0","0","0","0","0","0","0","0","0","1","0","0","0","0","1","3","0","0","1","0","0","0","0","0","0","0","0","0","0","1","1","0","0","0","0","0","0","0","0","0","0","1","0","0","0","0","0","0","0","0","0","0","0","0","1","0","0","1","1","1","1","0","1","1","1","1","1","1","0","1","0","1","0","1","1","0","0","0","1","0","0","0","0","0","0","0","0","0","0","0","0","0","0","0","0","0","0","0","0","1","3","1","3","1","0","0","1","1","3","0","1","3","0","0","0","0","0","1","0","0","1","0","0","0","0","1","1","1","2","0","1","1","0","0","1","1","1","1","0","1","0","0","1","1","0","0","1","1","0","0","0","0","0","0","0","1","0","0","0"
"r29","2","1","2","1","2","1","6","2","2","2","5","2","1","3","1","2","1","1","1","1","1","1","2","2","2","2","1","3","1","3","0","2","1","1","0","1","1","1","1","3","3","3","2","1","1","0","1","2","2","1","2","1","2","1","1","1","2","2","2","6","5","7","2","2","2","1","2","2","1","6","1","0","1","1","1","0","2","2","1","2","1","2","1","1","1","2","1","2","2","2","1","2","2","1","2","2","1","4","1","1","1","1","1","2","2","2","6","2","1","0","1","2","2","1","2","2","1","2","2","0","1","1","1","2","2","2","1","1","1","2","2","2","4","2","2","1","2","3","2","1","3","1","2","1","1","2","1","1","1","1","1","1","4","4","0","4","4","4","4","3","2","2","3","2","2","2","4","4","2","3","1","3","2","2","1","2","2","2","2","2","3","3","3","1","3","0","3","3","3","3","3","3","1","1","2","1","1","2","2","1","1","1","0","2","1","3","3","3","1","1","2","1","1","1","2","1","2","3","1","2","2","1","2","2","2","1","1","1","2","2","4","1","2","1","2","3","2","1","2","1","1","1","4","4","2","2","1","1","1","0","1","2"
"r30","0","0","0","0","0","0","0","0","0","0","1","0","0","0","0","0","0","0","0","0","0","0","0","0","0","0","0","0","0","0","0","0","0","0","0","0","0","0","0","0","0","0","0","0","0","0","0","0","0","0","0","0","0","0","0","0","0","0","0","0","1","0","0","0","0","0","0","0","0","0","0","0","0","0","0","0","0","0","0","0","0","0","0","0","0","0","0","0","0","0","0","0","0","0","0","0","0","0","0","0","0","0","0","0","0","0","0","0","0","0","0","0","0","0","0","0","0","0","0","0","0","0","0","0","0","0","0","0","0","0","0","0","1","0","0","0","0","0","0","0","0","0","0","0","0","0","0","0","0","0","0","0","0","0","0","0","0","0","0","0","0","0","0","0","0","0","0","0","0","0","0","0","0","0","0","0","0","0","0","0","0","0","0","0","0","0","1","0","1","0","0","1","0","0","0","0","0","0","0","0","0","0","0","0","0","1","1","1","0","0","0","0","0","0","0","0","0","0","0","0","0","0","0","0","0","0","0","0","0","0","0","0","0","0","0","0","0","0","0","0","0","0","0","0","0","0","0","0","0","0","0","0"
"r31","0","0","0","0","0","0","0.8","0.8","0","0.8","0.8","0.8","0","0.8","0","0.8","0","0","0","0","0.8","0","0.8","0.8","0.8","0.8","1.6","0","0","0","0.8","0.8","0.8","0.8","0","0.8","0.8","0.8","0.8","0","0","0","0.8","0","0","0","0.8","0.8","0.8","0","0","0","0.8","0","0.8","0","0.8","0.8","0.8","0.8","0.8","0","0.8","0.8","0.8","0.8","0","0.8","0","0","0.8","0","0","0","0","0","0","0","0.8","0","0.8","0.8","0.8","0","0.8","0","0.8","0","0","0.8","0.8","0.8","0","0.8","0","0.8","0","0","0.8","0.8","0.8","0.8","0","0","0","0.8","0.8","0.8","0","0","0.8","0.8","0","0","0","0","0","0.8","0.8","0","0.8","0.8","0","0","0","0","0","0","0.8","0","0","0.8","0.8","0.8","0.8","0","0","0","0","0.8","0.8","0.8","0","0.8","0","0","0.8","0","0","0","0","0","0.8","0.8","0","0.8","0.8","0.8","0.8","0","0","0","0","0","0","0.8","0.8","0.8","0","0.8","0","0","0.8","0.8","0.8","0","0.8","0.8","0.8","0.8","0.8","0","0.8","0","0.8","0.8","0.8","0.8","0.8","0.8","0.8","0.8","0","0","0","0","0","0.8","0.8","0","0","0","0","0","0","0.8","0.8","0.8","0.8","0.8","0","0.8","0.8","0","0","0.8","0","0.8","0","0","0","0","0.8","0","0","0","0.8","0","0","0","0","0.8","0","0.8","0","0","0","0.8","0.8","0","0","0","0","0","0","0","0","0","0","0","0.8","0"
"r32","0","0","0","0","0","0","6","2","0","2","5","2","0","2","2","2","2","2","2","2","3","3","2","2","2","2","1","3","2","2","0","2","1","1","1","1","1","1","1","2","2","2","2","2","2","0","1","2","2","3","4","2","2","1","1","2","2","2","2","6","4","6","2","2","2","3","2","2","2","5","3","2","3","0","0","0","2","3","3","2","2","2","1","2","1","2","1","2","3","2","1","2","2","1","2","2","1","4","1","1","1","1","0","2","2","2","0","2","0","0","2","2","2","0","3","2","3","2","2","0","1","1","2","3","2","2","2","3","3","2","2","2","3","2","2","1","3","3","2","1","2","2","2","3","2","1","3","0","0","0","0","1","0","0","0","0","0","0","0","3","0","3","3","2","2","2","0","0","2","0","0","3","2","2","1","2","2","2","2","2","2","2","2","1","2","0","2","2","2","2","2","2","0","0","3","0","0","3","2","0","0","0","0","2","0","2","2","2","3","1","2","2","1","0","2","3","3","2","0","0","3","0","2","3","3","2","0","1","3","0","3","1","3","1","3","2","3","1","2","0","0","3","4","4","3","3","1","1","0","0","3","2"
"r33","1","1","1","1","1","1","0","0","1","0","0","1","1","0","0","0","0","0","0","0","0","0","0","0","0","0","0","0","0","1","0","1","0","0","0","0","0","0","0","1","1","1","1","0","0","0","0","0","0","0","0","0","0","0","0","0","0","0","0","0","0","1","1","0","0","0","0","0","0","0","0","0","0","1","1","1","0","0","0","0","0","0","0","0","0","0","0","0","0","0","0","0","0","0","0","0","0","0","0","0","0","0","1","0","0","0","1","1","9","0","0","0","0","0","0","0","0","0","0","0","0","0","1","1","0","0","0","0","0","0","0","0","0","0","1","0","0","0","0","0","0","0","0","0","0","0","0","1","0","0","1","1","0","0","0","0","0","0","0","1","1","0","1","0","1","0","0","0","0","1","0","1","0","0","0","0","0","0","0","0","0","0","0","0","0","0","0","0","0","0","0","0","1","9","1","9","1","0","0","1","1","9","0","1","9","0","0","0","0","0","1","0","0","1","0","0","0","0","1","1","1","4","0","1","1","0","1","1","1","1","1","0","1","0","0","1","1","0","0","1","1","0","0","0","0","0","0","0","1","0","0","0"
"r34","4","1","4","1","4","1","0","0","4","0","0","0","1","0","0","0","0","0","0","0","0","0","0","0","0","0","0","4","0","1","0","1","0","0","0","0","0","0","0","1","1","1","1","0","0","0","0","0","0","0","0","0","0","0","0","0","0","0","0","0","0","16","0","0","0","0","0","0","0","9","0","0","0","1","1","0","1","0","0","0","0","0","0","0","0","0","0","0","0","0","0","0","0","0","0","0","0","9","0","0","0","0","1","0","0","0","4","1","1","0","0","0","0","1","0","0","0","0","0","0","0","0","1","4","0","0","0","0","0","0","0","0","0","0","1","1","0","0","0","0","0","0","1","0","0","0","0","1","1","1","1","1","1","1","0","1","1","1","1","4","4","4","4","1","1","0","1","1","0","1","1","4","0","0","0","0","0","0","0","0","0","0","0","0","0","0","0","0","0","0","0","0","1","1","4","1","1","0","0","1","1","1","0","1","1","0","0","0","0","0","1","0","0","1","1","0","0","0","1","4","4","1","0","4","4","1","1","1","4","4","4","0","4","0","0","1","4","0","0","1","1","0","9","9","4","4","0","0","1","0","0","0"
